ID	Title	Type de document	Dernière modification	Cote	Datum	Auteur	Destinataire	Résumé
489		Brief	2022-10-19 09:00:30		1818-00-22	Salm, Constance de	Hatzfeldt, Fürst von	Glückwünsche [zum Geburtstag?] in Versform.
781		Brief	2022-10-27 13:09:40			Salm, Constance de	Francq, Agathe Clémence, baronne de	Langeweile des Landlebens. Schlechtes Wetter, was für die beginnende Ernte nicht gut ist [Juli ?]. Domestikenwechsel auf Schloss Dyck. Besuch beim Landrat im „Hubhrath“ [= Hubbelrath ?]. CdS empfiehlt ihrer Tochter, sich zu schonen und sich wegen ihres Mannes nicht zu viele Sorgen zu machen. Kranke Männer sind einfach schlechter Laune, CdS kennt das mit SRD. CdS vermisst ihre Tochter, hofft, im Winter nach Paris zu kommen. Gerüchte über einen möglichen Kriegsausbruch. CdS empfiehlt die Bäder von Aachen, die Louis de Francq gut tun würden; außerdem ist Aachen für das gesellschaftliche Leben interessant. CdS hat eine Liste der Persönlichkeiten, darunter Feldmarschall von Berg, im Dienste des Königs der Niederlande. CdS möchte dort eine Wohnung nehmen, SRD ist nicht dafür, aber CdS hält es nicht aus, die ganze Zeit in Dyck zu bleiben. Treffen mit der Landrätin. Wenige Briefe von ihren Freunden aus Paris, nach dem Motto „aus den Augen aus dem Sinn“.
2774		Brief	2022-10-26 08:39:27		0000-10-06	Salm, Constance de	Prous, Henry	Bevorstehende Besuche auf Dyck : u.a. Herr und Frau Konrad von der Leyen, Frau v. Wittgenstein. Gesundheitsbeschwerden der CdS.
2775		Brief	2022-10-25 13:57:08		1821-00-00	Salm, Constance de	Prous, Henry	Nachrichten über die politisch-diplomatischen Angebote des Duke of Wellington an den König von Preußen wegen des Rheinlands. Besuche aus Dyck, darunter Salm’sche Verwandtschft. Gesundheitsprobleme mit der Bauchspeicheldrüse.
2776		Brief	2024-07-05 09:02:39		1812-08-05	Salm, Constance de	Prous, Henry	Rückgabe eines Buchs. Lob der Verse des Prous. Anregung, nach Dyck zu ihrer Gesellschaft zu kommen. Fröhliche Stimmung der CdS.
2777		Brief	2022-10-19 09:00:30	C06/S43/014	1815-00-26	Salm, Constance de	Prous, Henry	Ironische Nachfrage zum Wohlergehen des P. Einladung zur Geburtstagsfeier des SRD.
2778		Brief	2022-10-27 12:40:43	C06/S43/034-035	1815-12-24	Salm, Constance de	Prous, Henry	Leidiges Thema der Unterkunft in Ps Brief betrifft auch CdS. Belastung durch nicht immer ruhig verlaufende Unterbringung von Militärs. Eindringen der im Dorf untergebrachten Offiziere in den Hof von Schloss Dyck. Berichte der Soldaten, dass sie sich in Frankreich einquartieren können, wo sie wollen. Gefallen der Soldaten, Frankreich Gerechtigkeit widerfahren zu lassen. Wilde Beschreibung der bretonischen Bauern durch Soldaten und Erstaunen der CdS. Abreise und Neuankunft verschiedener Militärs. Eventuelle Begnadigung des M. Lavalette. Beruhigung der Situation in Frankreich. Gesundheitliche Beschwerden der CdS. Wohlergehen des M. Kopp und Erkenntnis, dass man erst nach überstandener Belastung krank wird.
2779		Brief	2022-10-27 13:10:35	C06/S43/036-037	1815-12-29	Salm, Constance de	Prous, Henry	Freude über Brief des P. aus Frankreich. Ungemütliche Lage in Dyck (auch aufgrund der dortigen Militärunterkünfte) und schlechter Gesundheitszustand der CdS. Anwesenheit eines freundlichen Generals und seines Sohns. Aussage über einen M. xxxx, er sei nicht würdig, Franzose zu sein. Gefängnisausbruch des M. Lavalette. Beilage der „Gazette” und Veränderung in einem Pariser Theaterprogramm.
2780		Brief	2022-10-26 12:12:24		1816-00-14	Salm, Constance de	Prous, Henry	Zeitungsabonnements. Nachrichten aus den deutschen Zeitungen über Frau de Lavalette, Cambacérès (drohende Inhaftierung), politische Amnestie nach der napoleonischen Zeit; Ironie gegen die „Chartreux“ [Befürworter der Charta der Restauration in Frankreich], und die „Hideux“ [= Wortspiel „Hässliche“, Vertreter der Ideen des Hyde de Neuville]. Weitere Nachrichten: Ernennung des Johann August Sack („Monsieur de Sack“) als Oberpräsident in Pommern, und Abreise des Jacobi nach Pommern. Gäste in Dyck (Militär). Zahnschmerzen der Louise (Prous).
2781		Brief	2022-10-27 12:43:23	C06/S43/061-062	1816-02-27	Salm, Constance de	Prous, Henry	Eine Tante des P. und Louise sind in Dyck willkommen. Unbegründete Gerüchte und Abreise des SRD. Zeitungsbericht über Reisepläne des russischen Zaren. Tod des Martini nach Erhalt einer Auszeichnung und Komplimenten des Königs nach einer Messe am 21.1.
2782		Brief	2022-10-26 08:28:25	C06/S43/071-072	1816-03-25	Salm, Constance de	Prous, Henry	Besuche des P. bei CdS. Ankunft verschiedener Personen. Krankheit des Königs [?]. Langeweile der CdS und Bitte um Besuch. Versehentliche Zustellung eines Briefs an die Mme Maison an CdS. Gerüchte um einen geplanten Schlossbau der Mme Maison. Sehnsucht nach dem Frühling und Abhängigkeit des Gemütszustands vom Wetter auf dem Lande. Bitte um Stillschweigen bezüglich eines nicht genannten Auftrags.
2783		Brief	2022-10-25 14:05:59	C06/S43/075	1816-03-30	Salm, Constance de	Prous, Henry	Dank für „ce que vous savez bien”, ein Buch, und Verse des P. CdS glaubt nicht an Unruhen in Lyon. Ablehnung der Verurteilung des Generals De Belle und Unvereinbarkeit mit Religion und Evangelium. Verblendung und unsicherer Ausgang der Situation. Hoffnung auf Rückkehr des SRD.
2784		Brief	2022-10-25 13:52:15	CdS/02_2/041-042	1816-04-12	Salm, Constance de	Prous, Henry	Dank für die Mispel, deren Früchte erst die Nachfahren essen werden. Nachrichten von Freunden. Erwähnung ihrer „Souvenirs“. Ratschläge der CdS als Schriftstellerin an Prous.
2785		Brief	2022-10-26 07:26:26	C06/S43/083-084	1816-04-16	Salm, Constance de	Prous, Henry	Bitte des P. für Mme Kopp. Absage und Bedauern der CdS. Große Sorge des SRD um seine Pferde, der sich CDS fügen muss. Ihre eigenen Pferde würde CdS sofort verleihen. Indirekte Bitte, P. möge ihr Pflanzen besorgen. Verhinderte Besichtigung des Schlosses durch eine Gouvernante. Einsamkeit der CdS.
2786		Brief	2022-10-25 13:57:08	C06/S43/085	1816-04-24	Salm, Constance de	Prous, Henry	Bitte um Weiterleitung eines Briefs. Einsamkeit als Krankheitsgrund. Ein Zimmer für P. in Dyck. Furchteinflößende Voraussagen im „Journal de Liège”, die nie eintreffen. Pflanzen in Dyck. Einladung an Louise Kopp.
2787		Brief	2022-10-25 13:55:53	C06/S43/090	1816-05-08	Salm, Constance de	Prous, Henry	Verhindertes Zusammentreffen mit Louise. Sympathie für Louise. Verständnis der CdS, dass die Gesellschaft einer Frau ihres Alters für eine junge Frau langweilig sein kann. Reise der Louise nach Köln. Möglichkeit, dass sie dort einen Mann finden könnte. Gewöhnung ans Alleinsein. CdS langweilt sich nicht mehr. Kommentare zum Männergeschmack der Frauen ihrer Gesellschaft. Besuche und Nachrichten von Nachbaren.
2788		Brief	2022-10-25 14:01:31	CdS/02_2/045-046	1816-05-17	Salm, Constance de	Prous, Henry	Fragen der CdS über Prous’ Befinden, den Besuch von Louise, Nachrichten von Krefeld für Dyck (?), nach von CdS bestellter Pappe/Karton, den Zustand von Frankreich. Briefe aus Frankreich an die CdS liefern keine gute Nachrichten über die dortige Stimmung („on a beau dire et beau parler, sans un goût de liberté et une propriété assurée les hommes seront toujours prêts à se révolter”). Nachrichten aus der Zeitung : witzige Werbeschilder von Hoflieferanten aus der napoleonischen Zeit (CdS zitiert die „reine Hortense de Naples”, irrtümliche Bezeichnung).
2789		Brief	2022-10-27 12:28:34	C06/S43/093-094	1816-05-20	Salm, Constance de	Prous, Henry	Empfang von Karton [Anzeige?] aus Paris. Gedankenaustausch über die Eheschließung als solche, und der Unterschied der Haltung, wenn man 20 ist und über 40. Große Sehnsucht der CdS nach ihrem Mann, der noch in Berlin verweilen muss. Gestrige Gesellschaft der CdS. Wohlbefinden und Amüsements der Louise Kopp. Hoffnung auf eine Besserung der Lage in Frankreich. Zukunftsperspektiven des P. und Ermutigung der CdS. Entspannung durch Schreiben des Briefs nach einem arbeitsamen Tag.
2790		Brief	2022-10-19 09:00:30	C06/S43/095	1816-05-26	Salm, Constance de	Prous, Henry	Brief der CdS an SRD und eventuell zu spät kommende Bitte. Reise Hardenbergs. Besuch der CdS und Einladung des P.
2791		Brief	2022-10-19 09:00:30	C06/S43/096-097	1816-05-27	Salm, Constance de	Prous, Henry	Bitte des P. bezüglich des M. Kopp. Nicht möglich, einen Brief an SRD zu schicken. Dessen baldige Abreise aus Berlin. Die für diese Angelegenheit wichtigen Personen sind bereits abgereist. Baldige Abendgesellschaft der CdS, Teilnahme des P. und seiner Familie. Melancholie des P. und der CdS. Abhängigkeit des Gemütszustands der CdS vom Wetter als Nachteil des Landlebens. Ermutigende Zeitungsberichte. P. soll seine Ambitionen kultivieren. Gesellschaftliches Vergnügen des P. und Bitte, CdS nicht zu vergessen.
2792		Brief	2022-10-25 14:01:45	C06/S43/109	1816-06-07	Salm, Constance de	Prous, Henry	Einladung der CdS an Prous. Krankheit des P. Einfluss der Einsamkeit und des Winters auf das Gemüt und die Gesundheit allgemein. Melancholische Anfälle der CdS, wohltuender Besuch des Hompesch, Sehnsucht nach der Rückkehr ihres Ehemannes. Versand von Zeitungen, in einer Zeitung steht die Hochzeit der Nichte von P. Missmut der CdS über die Darstellung des politischen Umfelds des Königs von Frankreich, ihrer Meinung nach recht theatralisch. Zeitvertreib mit Louise Kopp. Heimweh. Baldige Heimkehr des SRD, CdS hat Verse über diese Rückkehr geschrieben.
2793		Brief	2022-10-19 09:00:30		1816-06-10	Salm, Constance de	Prous, Henry	Bitte der CdS, dass Prous zur Abendgesellschaft auf Schloss Dyck kommt.
2794		Brief	2022-10-27 12:40:43	C06/S43/107-108	1816-06-11	Salm, Constance de	Prous, Henry	CdS schickt Prous Erdbeeren. SRD will den König von Bayern [=Maximilian I.] in Baden[-Baden] sehen. CdS erwartet ihn für den 20. oder den 21. Juni und vermisst ihn, vertraut ihm. Sorgen wegen der Lage im Rheinland und Verhältnis zu den Truppen und Offizieren, sowie um Beginn eines neuen Krieges („j’ai de la guerre assés“).
2795		Brief	2022-10-25 14:01:31	C06/S43/104-105	1816-06-20	Salm, Constance de	Prous, Henry	Besuch der Familie Locquenghien und Einladung der Louise Kopp. Pläne der CdS und Rückkehr des SRD. Eine Frau aus dem Haushalt der CdS liegt im Sterben. Beruhigung der Lage in Frankreich.
2796		Brief	2022-10-19 09:00:30		1816-06-23	Salm, Constance de	Prous, Henry	P. soll diesen Brief Louise Kopp vorlesen. Verhinderte Reise der CdS nach Köln. Im Sterben liegende Frau aus dem Haushalt der CdS. Anspielung auf Verrücktheit der letzten Tage.
2797		Brief	2022-10-19 09:00:30	C06/S43/128	1816-08-10	Salm, Constance de	Prous, Henry	Zurücksendung von Tüchern an P. Verhindertes Zusammentreffen und Hoffnung auf ein baldiges Wiedersehen. Gesundheitszustand des P. und Behandlung mit Blutegeln. Einladung an Prous.
2798		Brief	2022-10-19 09:00:30	C06/S43/130	1816-08-19	Salm, Constance de	Prous, Henry	Nachfrage der CdS, ob P. oder seine Familie zu Besuch kommen.
2799		Brief	2022-10-19 09:00:30	C06/S43/129	1816-08-13	Salm, Constance de	Prous, Henry	Besuch des Prinzen Salm-Krautheim. Einladung des P. und der M. Van de Lain.
2800		Brief	2022-10-19 09:00:30	C06/S43/131-132	1816-08-29	Salm, Constance de	Prous, Henry	P. als Aufpasser von zwei jungen Fräulein. Zusendung eines Werks von Petronius, das für junge Damen nicht geeignet ist. Ankunft einer Bücherlieferung. Schweigen des P. bezüglich eines möglichen Krieges und unterschiedliche Meinung der CdS. Überzeugung der CdS, dass man etwas für den „Major“ tun müsse. Freude über die Niederkunft von Bella. Einladung zu einem Mittagessen am 4.
2801		Brief	2022-10-19 09:00:30	CdS/02_2/073	1816-09-00	Salm, Constance de	Prous, Henry	Einladung der CdS an Prous, da der Graf von Hompesch für zwei Tage in Dyck zu Besuch ist.
2802		Brief	2022-10-19 09:00:30	CdS/02_2/067	1816-09-15	Salm, Constance de	Prous, Henry	Einladung an Prous und seine Angehörigen. Zurzeit ist Kirchweih. CdS braucht Sachen [oder Informationen?] aus Krefeld [unklar].
2803		Brief	2022-10-25 14:01:31	CdS/02_2/067	1816-09-18	Salm, Constance de	Prous, Henry	CdS fügt dem Brief Stoff für Louise P.bei, die wiederum ihr Stoff schicken soll. Essenseinladung der CdS, bevor sie nach Köln fährt. Kirchweih bei Dyck. Freude der CdS über Ruhe in Frankreich durch Vernunft der Regierung. Freude über einen gelungenen Abend. Jugendlicher Geist der CdS. Brief an P. letztes Schriftstück ihrer langen Schreibtätigkeit des Tages. Rechnungsangelegenheiten.
2804		Brief	2022-10-19 09:00:30		1816-10-03	Salm, Constance de	Prous, Henry	Rückkehr der CdS und Nachfrage nach dem Wohlergehen Ps und seiner Familie. Sehen und gesehen werden der CdS während ihres Aufenthalts in Alfter. Rührung der CdS über die dortige feierliche Begrüßung. Melancholisches Glockenläuten. Einladung des P. nach Dyck.
2805		Brief	2022-10-27 13:09:40	C06/S43/147-148	1816-10-30	Salm, Constance de	Prous, Henry	Beteuerung der CdS, dass sie trotz der Vergnügungen (angenehme Gesellschaft, Theater, attraktiver Deutschlehrer) in Aachen P. nicht vergisst. Angenehmer Aufenthalt der CdS bei Hompesch. Genesung des SRD durch die Aachener Bäder. Vergnügen der CdS. Zusammentreffen der CdS mit Belderbusch und dessen Berichte aus Paris. Misshandlung der Mme Gai durch betrunkene Soldaten auf dem Land. Geplante Abreise gegen den 6. [November]. Mangelnde Konzentration durch Musik unter dem Fenster der CdS.
2806		Brief	2022-10-27 13:09:40	C06/S43/149-150	1816-11-22	Salm, Constance de	Prous, Henry	Vergnügen der CdS in Aachen. Freunde der CdS als Geschworene (?). Grüße des Hompesch. Angenehme Gesellschaft in Aachen. Fehlen des P. Einladung. Aufmachung der CdS. CdS hat ein Fräulein aus Aachen auf Probe mitgenommen. Stimmung des SRD.
2807		Brief	2022-10-27 12:40:43	C06/S43/151-152	1816-11-30	Salm, Constance de	Prous, Henry	Schlechter Gesundheitszustand und Verfassung der CdS. Nicht eingehaltenes Versprechen des SRD, nur einen Tag nach Düsseldorf zu kommen. Eine Frau hätte ihr Versprechen gehalten. Rat der CdS an P., nicht über eine einen jungen Mann betreffende Geschichte zu reden, weil er sonst aussagen müsste. Verschwinden eines jungen Mannes, diesbezüglicher Zeitungsbericht und Belohnung, Ansturm von Zeugen. Erschrecken, dass so etwas in einem ruhigen Land möglich ist. Kampfesdrang eines Majors und Wunsch, einen anderen Major wiederzusehen. Beileidsschreiben an Mme Ginguené. Niedergeschlagenheit der CdS. Eventueller Besuch des Comte Mosti, der aus England zurückgekehrt ist. Mögliche Vermietung des Pariser Hauses an einen Engländer und Misstrauen der CdS. Nachtruhe der CdS.
2808		Brief	2022-10-19 09:00:30	C06/S43/155-156	1816-12-00	Salm, Constance de	Prous, Henry	Warten der CdS auf einen Brief des P. Zeitvertreib des P. Geplantes Abendessen mit verschiedenen Nachbarn anlässlich des Namenstags der CdS. CdS besteht auf Anwesenheit des P. Reisepläne der CdS. Verkauf oder Vermietung ihres Pariser Hauses. Wiedersehen mit ihrer Familie. Reisevorbereitungen und Verpflichtungen der CdS. Bitte um Neuigkeiten über den Major. Deutscher Abschiedsgruß.
2809		Brief	2022-10-19 09:00:30	C06/S43/159-160	1816-12-13	Salm, Constance de	Prous, Henry	Unwohlsein des P. bei einem Besuch auf Schloss Dyck. Wiedersehen mit CdS vor ihrer Abreise und regelmäßige Briefe des P. während ihrer Abwesenheit. Nachfrage nach dem „Major”. Verrücktheiten der vergangenen Abendgesellschaften.
2810		Brief	2022-10-27 10:14:55	C06/S43/161-162	1816-12-17	Salm, Constance de	Prous, Henry	Schlechter Gesundheitszustand der CdS als Grund für verspätete Antwort. Unnötige Entschuldigung des P. Rheuma der CdS und des P. Begeisterung der CdS für „Manon Lescaut” und Wunsch, ähnliche Novellen zu schreiben. Unterbrechung ihrer Arbeit aufgrund von Schmerzen. Bücherausleihe der CdS an P. Abreise der CdS.
2811		Brief	2022-10-19 09:00:30	C06/S43/165	1817-01-28	Salm, Constance de	Prous, Henry	Voraussichtlicher Wegzug des P. (Tod des Schwagers) und Bedauern der CdS. Freude der CdS, ihre Freunde wiedergefunden zu haben, und Betonung, wie wichtig ihr diese sind. Bitte um Neuigkeiten und Einladung der CdS.
2812		Brief	2022-10-26 07:01:57	C06/S43/166-168	1817-03-16	Salm, Constance de	Prous, Henry	Trauer über den Wegzug des P. Traurige Existenz auf dem Land. Leben der CdS im finstersten Teil Deutschlands und negative Beschreibung der Bewohner. Berechtigte Klagen der CdS, die ihr meistens erst rückblickend bewusst werden. Aufenthalt Ps bei seiner Familie in einer Gegend, die an Frankreich erinnert. Schwierigkeit, sich im Alter umzugewöhnen. Bitte um regelmäßige Fortsetzung der Korrespondenz. Gemeinsames Erleben eines harten und langen Winters in Dyck. Kontrast zu ihrem Pariser Leben. Zuneigung ihrer Freunde und Glück. Rückkehr und Aussicht, ihren Mann wiederzusehen. Schwierigkeit, ihr Haus zu verkaufen oder zu vermieten. Vergnügungen der CdS mit ihren Freunden in Paris, nur SRD fehlt zu ihrem Glück. Bitte der CdS um Vertraulichkeit: P. soll nicht in Deutschland erzählen, wie glücklich CdS in Paris ist, um nicht ihre Bemühungen der letzten 3 [Abschrift: 15] Jahre zu zerstören. Einladung des P. nach Frankreich. Bedürfnis nach Gewohnheit. Zwei Absagen bezüglich des Hauses der CdS. Neuigkeiten von der Tochter der CdS.
2813		Brief	2022-10-25 14:03:57	C06/S43/207-208	1817-07-15	Salm, Constance de	Prous, Henry	Zusendung von Zeitungen und einem Manuskript (Bitte um Rückgabe des SRD). Entschuldigung des P. für eine Absage. Melancholische Stimmung des P. und der CdS. Solche Diskussionen wie mit P. fehlen in diesem Land. Missverstandene Interpretation einer Aussage Renards.
2814		Brief	2022-10-27 10:14:55	C06/S43/209	1817-07-19	Salm, Constance de	Prous, Henry	Traurigkeit des P. und der CdS. Gesundheitszustand der Mme Kopp und diesbezügliche Ratschläge. Korrespondenz Voltaires als angebrachte Lektüre auf dem Land.
2815		Brief	2022-10-19 09:00:30	C06/S43/241	1817-09-03	Salm, Constance de	Prous, Henry	Hoffnung, dass Prous sie bald mit Frau Kopp besuchen wird.
2816		Brief	2022-10-26 12:12:49	C06/S43/329	1818-01-02	Salm, Constance de	Prous, Henry	Brief beginnt mit Versen (Neujahrswünsche). Zusendung von Lebkuchen („pain d’épice“). Bibliothek des Prous. Besuche, Wohlbefinden. Presseberichte über Frankreich und Gedanken über dessen vergangene Größe in Europa. Einladung für den 6. Januar zum traditionellen Königskuchen [„tirer les rois“ = galette]. Postskriptum wurde von Minette geschrieben: Missverständnis der CdS über den letzten Brief des Prous. Prous habe ein „weißes Herz“.
2817		Brief	2022-10-25 14:05:09	C06/S43/344-345	1818-02-11	Salm, Constance de	Prous, Henry	Dank für Briefe des P. Gesundheitszustand der CdS. Der Geist leidet unter einem geschwächten Körper. Eine Louise Prous‘ Zukunft betreffende Angelegenheit. Ärger über Zollausgaben. Besuch des Hompesch und des Bonnheim. Einladung des P. Auf dem Land muss man sich ab und zu zu solchen Dingen überwinden. Empfang eines Briefs des M. Marron mit Liedern, die CdS eine Freude machen sollen. Sorge der CdS, dass die Briefe an der Grenze geöffnet werden. Spätere Fußnote der CdS: Besetzung Frankreichs durch die Alliierten bis zum Aachener Kongress. Strenge Briefkontrolle der Polizei an der Grenze.
2818		Brief	2022-10-26 07:05:44	C06/S43/347-348	1818-03-09	Salm, Constance de	Prous, Henry	Lied über die ersten Maiglöckchen. Freude der CdS über Maiglöckchen des P. Verständnis der CdS für Zurückweisung eines Kölners durch Louise und deren Wunsch, sich zu amüsieren. Nächstenliebe der CdS, da Ostern herannaht. Dadurch kann sie bei Männern und Frauen in Dyck Dummheiten zulassen. Die Tochter der CdS soll Prous selbst antworten. SRD wartet auf ein Märchen des P. CdS wird es nur lesen, wenn SRD es ihr vorliest, da sie laut dem Code civil ihrem Mann unterworfen ist. Ausbleibende Reaktion des P., dass Bernadotte nun König ist. P. ist durch den Krieg abgehärtet und reagiert nur auf Schreckensnachrichten. Familiäre Neuigkeiten.
2819		Brief	2022-10-19 09:00:30	CdS/02_2/175	1818-08-03	Salm, Constance de	Prous, Henry	Louise und ihre Mutter werden gegen Mittag abgeholt. Einladung an Prous. Bevorstehender Besuch des Hompesch. Grüße an Ritz.
2820		Brief	2022-10-26 07:01:57	C06/S43/397	1818-09-20	Salm, Constance de	Prous, Henry	Entschluss der CdS, ihre Tochter zu begleiten. Gesundheitszustand der CdS. Möglichkeit, dass der Kongress ohne CdS eröffnet wird. L.B. Francq geht es schlecht. Baldige Wiederkehr der CdS. Lachen über eine unklare Anekdote oder einen Scherz des P. und diesbezüglicher Kommentar.
2821		Brief	2022-10-25 14:01:45	C06/S43/548	1819-00-00	Salm, Constance de	Prous, Henry	Nachfrage, ob P. morgen kommt. Anwesenheit des Gärtners Blaikie: interessanter Gesprächspartner. Natürliche Schönheit seiner in Dyck angelegten Gärten: Die Perfektion soll nur im Vergleich mit anderen Orten sichtbar werden. Unruhen in Frankreich durch Ansammlung Liberaler bei den Tuilerien, ein Todesfall. Beginn einer Revolution durch solche Gefechte. Unruhe durch Durchsetzung des 1. Artikels des „Loi d'élection“ und Sieg der Ultras. Gesunder Menschenverstand gebietet aufzuhören. Vorliebe Blaikies für politische Diskussionen.
2822		Brief	2022-10-26 07:51:14	C06/S43/452-454	1819-08-30	Salm, Constance de	Prous, Henry	Schlechter Gesundheitszustand und Sommerhitze als Grund für längeres Schweigen. Freude über Wohlergehen des P. in seinem neuen Wohnort. Eine Zeichnung der neuen Heimat des P. hat in Dyck die Runde gemacht. Positive Aufnahme. Kritik des SRD. Wichtigkeit einer angenehmen Gesellschaft und nicht ausreichende Beschäftigung mit sich selbst. Freude, dass P. über CdS und ihre Werke mit einem nicht genannten General gesprochen hat. Zusendung eines weiteren Exemplars ihrer „Poésies”. Zusammentreffen von Mme Kopp und Schlegel und dessen Erwähnung der CdS. CdS ist unklar, um welchen Schlegelbruder es sich handelt. Angenehmes Zusammentreffen der Bonner Professoren laut Mme Kopp. Absicht der CdS, in ihrem Schloss in Alfter die gute Bonner Gesellschaft zu versammeln. Anteilnahme der CdS am Leben des P. in Chokier. Hoffnung auf einen Besuch des P. Eventuell kompromittierende, sehr häufige Besuche eines Neffen in Liedberg. Angenehmer Besuch des 'Prince Guillaume', der sich in dem Album der CdS verewigt hat, und weiteres Zusammentreffen mit SRD. Nachfrage der CdS zu einem Lied des P. Verse der CdS über ihre Uhr. Eventueller Besuch in Chokier. Anstehende Geburtstagsfeier des SRD.
2823		Brief	2022-10-25 13:52:15	C06/S43/457	1819-09-23	Salm, Constance de	Prous, Henry	Durchgestrichener Brief eines Dritten [SRD?] an P. mit Nachricht der CdS: Anwesenheit des Herrn Blaikie, der sich um die Gärten und den Park kümmert und Möglichkeit, diesen an Herrn Kopp auszuleihen. Verse der CdS über ihre Uhr.
2824		Brief	2022-10-26 08:03:25	C06/S43/480-482	1819-12-26	Salm, Constance de	Prous, Henry	Kummer des P. Verständnis und Anteilnahme der CdS. Meinung der CdS, eine Trennung von nicht genannten Personen hätte viele Nachteile, er soll darüber nachdenken, keiner hat in diesem Jahrhundert einen wirklich geeigneten Platz. Einschalten des General Maison durch CdS. Angebot der CdS und des SRD an P., bis sich seine Situation entscheidet, auf Schloss Dyck zu wohnen. Betrübnis der CdS über Renard, der sich zu Tode getrunken hat. Unterbrechung des Briefs durch Reise nach Aachen und verschiedene Beschäftigungen, mit denen CdS sich abfinden muss. Zusammentreffen mit M. Ritz. Belastung der CdS durch Arbeit, Korrespondenz, Haushaltsführung etc. Unmöglichkeit für CdS, die gewohnten scherzhaften Anspielungen zu machen angesichts der unsicheren Lage des P. Häufiges Zusammentreffen mit den Damen aus Liedberg. Unannehmlichkeiten des Landlebens. Aachener Haus der CdS.
2825		Brief	2022-10-19 09:01:17		0000-11-20	Salm, Constance de	Prous, Henry	Verspätete Antwort der CdS wegen u.a. einer Reise nach Aachen. Dortige gesellschaftliche Treffen (u.a. Monsieur Ritz). Dankbarkeit der CdS für die guten Gespräche mit P. in der langen, für sie unerträglichen Winterzeit. Beschwerliches Reisen im Winter. Sie sieht oft P’s Familie aus Liedberg.
2826		Brief	2022-10-19 09:00:30		1820-01-01	Salm, Constance de	Prous, Henry	Erster Brief der CdS nach einer Krankheit. Neujahrswünsche. Einladung nach Dyck. Missverständnis in einem früheren Brief/einem Gespräch bezüglich der Familie des P.
2827		Brief	2022-10-19 09:00:30	C06/S43/513-514	1820-03-20	Salm, Constance de	Prous, Henry	Veröffentlichung und Zusendung der „Épître à un honnête homme”. Damit verbundener Aufwand und schlechte politische Lage Frankreichs als Grund für verspäteten Brief. Offenheit der Schrift über Intrigen und Intriganten. Positive Rezeption. Durch schriftstellerische Arbeit Anschluss an die Welt. Freude über Brief des P. und dessen eventuellen Besuch in Liedberg. Neuigkeiten von gemeinsamen Bekannten. Häufiger Besuch des Neffen der CdS in Liedberg. Zusendung der Verse über eine Uhr. Unklarer Zeitpunkt des nächsten Aufenthalts in Aachen. Essenseinladung in Liedberg. Besuch der Mme Van der Leyen. Feier des Namenstags des SRD mit 30 Gästen in Dyck. Freude über eventuellen Zuzug des M. Ritz.
2828		Brief	2022-10-26 07:01:57		1820-04-00	Salm, Constance de	Prous, Henry	Erkältung der CdS. Gute Artikel im „Journal des dames“ und im „Mémorial“ über CdS’ letzte Epître. Abneigung gegen das Landleben.
2829		Brief	2022-10-25 13:54:21	C06/S43/523-524	1820-04-06	Salm, Constance de	Prous, Henry	Zusendung mehrerer Exemplare einer Schrift der CdS und Bitte um Weiterleitung. Bitte um Ankündigung des Werks im „Nouvelliste”. Delikate Angelegenheit und Bitte um sachlich-literarische und nicht freundschaftliche Ankündigung. Vorab Zusendung des Textes der Ankündigung an CdS. Verschobene Ankündigung in Paris aufgrund der politischen Lage. Lob in den „Archives littéraires”. Übersetzung ihrer Verse über eine Uhr durch M. Ritz und Glückwünsche zu dessen Hochzeit. Kurzer Besuch des SRD in Aachen.
2830		Brief	2022-10-25 13:52:59		1820-04-08	Salm, Constance de	Prous, Henry	Versand von 8 Exemplaren ihrer Epître [à un honnête homme] durch CdS mit Bitte um Weitergabe von 6 Exemplaren La Ruelle im Auftrag des Buchhändlers Arthus Bertrand (der CdS‘ Sekretär Ravelli beauftragte und das Werk gedruckt hat). CdS bittet Prous, falls Bertrand schon selber direkt die 6 Exemplare geschickt haben sollte, dass man ihr die 6 Exemplare zurückgibt, denn sie hat nur 100 Exemplare in Dyck erhalten und schon 60 weitergegeben. Dichter sollen dichten und Geschäftsleute Geschäfte machen. Geplante Publikation eines Artikels. SRD zurück aus Aachen mit vielen Nachrichten aus dieser Stadt. Komische Nacherzählung einer Szene aus einer Komödie („Monsieur touche à tout“).
2831		Brief	2022-10-25 13:54:21	C06/S43/533-534	1820-04-12	Salm, Constance de	Prous, Henry	Durch CdS korrigierte Version des Artikels über ihre Schrift (dem Brief beigelegt). Bitte um Verständnis für ihre Offenheit. Freude über Lob des P. und ihrer Freunde. Wichtigkeit, ihren Vornamen auszuschreiben, um Verwechslungen mit Prinzessinnen mit gleichem Nachnamen zu vermeiden. Möglichkeit, dass P. La Ruelle die Bücherexemplare der CdS bis zum Erhalt der Lieferung leihweise überlässt. Wunsch, dass der Artikel des P. übersetzt wird und in deutschen Zeitungen erscheint, da CdS in Deutschland wichtige Bekanntschaften hat. Seit mehreren Tagen kein Empfang französischer Zeitungen. Dank und Grüße an M. Ritz.
2832		Brief	2022-10-19 09:00:30	CdS/02_2/237	1820-04-00	Salm, Constance de	Prous, Henry	Antwort auf Reaktion des Prous auf das Stück von Dumont. CdS ist anderer Ansicht. Einladung an P., da die Hompeschs auf Dyck sind, sowie an Louise und Madame Kopp für Samstag.
2834		Brief	2022-10-19 09:00:30	C06/S43/551	1820-05-18	Salm, Constance de	Prous, Henry	"Schlechter Gesundheitszustand der CdS. Freude über Artikel des P. Artikel der CdS im ""Conservateur littéraire""; Wunsch der Redaktion, dass sie die Seiten 12 und 13 ändert."
2835		Brief	2022-10-26 11:55:20	C06/S43/552-553	1820-05-20	Salm, Constance de	Prous, Henry	CdS denkt an P., auch wenn sie keine Zeit hat zu schreiben. Wetterbedingungen bei Aufbruch des P. Positiver Artikel über Schrift der CdS im „Censeur”. Enthusiasmus des duc d'Orléans für ihre Schrift. Lob der Mme de Genlis. Schlechter Gesundheitszustand der CdS. P. soll die 6 Exemplare ihrer Schrift von La Ruelle zurückholen. Möglichkeit, diese an Freunde des P. zu verteilen. Zusendung eines Exemplars für P. Übliche Sonntagseinladung des P. nach Dyck.
2836		Brief	2022-10-19 09:00:30		1820-09-02	Salm, Constance de	Prous, Henry	Freude der CdS über gute Nachrichten von Prous, sowie vom Hofrat (?). Einladung an P. für den kommenden Montag.
2837		Brief	2022-10-19 09:00:30		1820-08-25	Salm, Constance de	Prous, Henry	CdS’ Krankheit und Abgeschlagenheit (nach dem Tod der Minette). Wünscht sich, Prous und die „Damen” bald zu sehen, würde ihr gut tun. Hompesch wird auch erwartet. Bruder der CdS zu Besuch. Bauarbeiten auf Schloss Dyck. SRD hat die Amsel, die Prous geschickt hat, stopfen lassen, es handelt sich um eine ganz andere Art als die von Dyck.
2838		Brief	2022-10-25 14:10:40	C06/S43/596	1821-01-16	Salm, Constance de	Prous, Henry	Zusendung eines Romans von Auguste Lafontaine und von Briefen des Lantier. Nachrichten über die Nichte von Prous sind schlimm. Reise des SRD nach Düsseldorf. Freude der CdS an ihrem neuen Arbeitszimmer auf Schloss Dyck. Sorgen über die [Deutschland]-Politik. Frage über die Gesundheit der Madame Kopp.
2839		Brief	2022-10-19 09:00:30	C06/S43/597	1821-02-05	Salm, Constance de	Prous, Henry	Erhalt von Büchern durch CdS. Handwerker in Dyck.
2840		Brief	2022-10-19 09:00:30	C06/S43/598	1821-04-23	Salm, Constance de	Prous, Henry	Zusendung der gestrigen Zeitung. Dort Furcht vor Russen. Schlechter Gesundheitszustand der CdS und nicht verwindbarer Schicksalsschlag.
2841		Brief	2022-10-19 09:00:30	C06/S43/609	1821-08-28	Salm, Constance de	Prous, Henry	Abgeschlossene Angelegenheiten der CdS. Notwendigkeit, sich darum zu kümmern, um nicht seine Ruhe zu gefährden. Belebende Wirkung und Beflügelung durch Aufregungen. CdS kann SRD nicht nach Langwarden begleiten. Versprechen, P. morgen Zeitungen zu schicken. Unsicherheiten des russischen Zaren.
2842		Brief	2022-10-19 09:00:30	C06/S43/602	1821-05-00	Salm, Constance de	Prous, Henry	Kommentar über die Napolitaner (?).
2843		Brief	2022-10-19 09:00:30	C06/S43/603	1821-05-00	Salm, Constance de	Prous, Henry	Einladung des P. und seiner Familie nach Dyck. CdS will mit Prous die Nachrichten aus der Zeitung („Journal de Francfort“) besprechen: Verfassungen, Lage in Sardinien, in Neapel. CdS geht es besser.
2844		Brief	2022-10-19 09:00:30	C06/S43/601	1821-05-16	Salm, Constance de	Prous, Henry	Vielbeschäftigung mit Korrespondenz und Finanzen. Ungenaues Datum ihrer Reise nach Aachen, Grüße an Ritz, Louise sollte nach Uerdingen [und nicht auf sie warten].
2845		Brief	2022-10-26 08:22:55	CdS/02_2/257	1821-06-07	Salm, Constance de	Prous, Henry	CdS vermisst Prous. Familie von Hompesch ist in Dyck, CdS lädt Prous ein. SRD wird mit dem Grafen nach Düsseldorf fahren, dann soll es sich Prous gemütlich machen als einziger Mann in der Gesellschaft von mehreren Frauen. Ankündigung von pikanten Geschichten über seine Nichte, die Madame Hompesch in Lüttich zugetragen worden sind. Ein junger Locquenghien ist am vorigen Tag gestorben.
2846		Brief	2022-10-26 08:28:25	C01/S04/100-101	1821-08-30	Salm, Constance de	Prous, Henry	Versand von Zeitungen. Einzige Neuigkeit sind die 930.000 einberufenen Soldaten. Einladung zur Geburtstagsfeier des SRD, unter den Gästen wird General Maison sein. CdS schuldet Prous noch Zeitungen aus Düsseldorf.
2847		Brief	2022-10-26 08:03:25	C06/S43/611-612	1821-09-18	Salm, Constance de	Prous, Henry	Gestriges gesundheitliches Leiden der CdS. Ärger über Annahme des P., sie bräuchte Hilfe bei der Lektüre eines Briefs. Fast genauso schnelle Lektüre deutscher wie französischer Zeitungen. Schädlichkeit von Wein für Kinder. P. ist an schwer lesbare Briefe der CdS gewöhnt.
2848		Brief	2022-10-26 08:30:12	C06/S43/610	1821-09-00	Salm, Constance de	Prous, Henry	Krankheit der CdS und Diagnose des Arztes. Unmöglichkeit zu schreiben oder zu arbeiten. Schlechter Gesundheitszustand der Mlle Lenders und Bitte um Neuigkeiten. Zusendung einer Zeitung: Der Herr [Napoleon?] wird dort so behandelt, wie er es verdient hat. Verstorbene haben immer Unrecht. P. soll seine Gesundheit schonen.
2849		Brief	2022-10-19 09:00:30	C06/S43/613	1821-10-08	Salm, Constance de	Prous, Henry	Einladung an die Bewohner von Schloss Liedberg.
2850		Brief	2022-10-19 09:00:30	C01/S04/108-109	1821-11-04	Salm, Constance de	Prous, Henry	Dank für das Geschenk eines Schreibpults. Zusendung von Versen an Prous. Einsamkeit der CdS und schreckliches Wetter. Reaktion auf einen Kommentar des Prous über eine Uhr [À ma pendule qui s’était arrêtée?] von CdS, Unglück macht sie abergläubisch. CdS wird ihren Geburtstag am 7. November nicht feiern, aber liebe Freunde dürfen gerne vorbeikommen. Zusendung eines Auszugs über das Urteil gegen Bouton. Fußnote der CdS: Sie hat verschiedene Verse veröffentlicht, die nicht in der Gesamtausgabe ihrer Werke vorkommen, von denen einige am Ende ihrer zu veröffentlichenden Korrespondenz abgedruckt werden sollen.
2851		Brief	2022-10-19 09:00:30	C06/S43/616-617	1821-11-30	Salm, Constance de	Prous, Henry	Gesundheitszustand der CdS und des P. Einladung nach Dyck. Tod des M. Klein. Entmutigung der CdS angesichts der Lage in Griechenland. Unsicherheit und Unmöglichkeit des russischen Zaren, Wichtiges von Unwichtigem zu trennen. Gelbfieber. Epitaph der CdS für einen Hund, der schließlich doch überlebt hat.
2852		Brief	2022-10-27 10:14:55	C06/S43/607-608	1821-07-26	Salm, Constance de	Prous, Henry	Negative Meinung der CdS über Fragmente eines Werks der Mme de Staël. Eine dort beschriebene unwahrscheinliche Begegnung zwischen Prinz Ferdinand und Mme de Staël. Zweifel der CdS, dass das Buch von Mme de Staël ist. Parteigeist der Mme de Staël. Schlechtes Verhalten Napoleons ihr gegenüber. Meinung in Paris zu Restaurationszeiten: Mme de Staël ist auch für die aktuelle Regierung gefährlich. Damaliger Unwillen der CdS, ihre persönliche Bekanntschaft zu machen, obwohl sie in den gleichen Kreisen verkehrten. Ablehnung der CdS von Unruhen und Parteigeist. Ablehnung des politischen Meinungswechsels. Mangelnder Wunsch oder Mut, sich solchen Übertreibungen auszusetzen. Vorangegangene Zeilen als politische Glaubensbekenntnis. Übereinstimmung mit dem lobenden Nachruf des Lord Byron auf Napoleon. Gefallen der CdS an Anschuldigungen des Engländers Byron gegen sein eigenes Land. Zu große Arztgläubigkeit des P.
2853		Brief	2022-10-19 09:01:17			Salm, Constance de	Prous, Henry	Einladung des [Prous] nach Dyck, um eine anregende Konversation mit CdS zu genießen.
3012		Brief	2024-06-05 14:25:32			Salm, Constance de	Francq, Agathe Clémence, baronne de	Beschreibung eines jungen Mannes mit einem Pferd.
3292		Brief	2022-10-27 13:14:02	C02/S09/662-663	1814-09-10	Salm, Constance de	Mentelle, Edme	Ein befreundeter Bibliothekar wurde in einer gewissen Angelegenheit vergessen. Unverständnis für den Erfolg der Fabeln von Guingené. Beziehungen der Bevölkerung zu Preußen und der preußischen Besatzung, blutige Auseinandersetzungen. Große Empfänge jeden Sonntag auf Schloss Dyck, auch Preußen (positiver Eindruck von CdS). Warten auf die Ergebnisse des [Wiener] Kongresses.
3293		Brief	2022-10-26 07:01:57	C06/S43/016-017	1815-10-26	Salm, Constance de	Mentelle, Edme	Schlechter Gesundheitszustand der CdS und schlechte medizinische Versorgung auf dem Land. Empfang zweier Briefe der M. und positives Urteil über von M. verfasste Strophen. Dichterische Leichtigkeit und Anmut und kleinere Veröffentlichung des M. im „Mercure“. Freude über Neuigkeiten in Briefen des M. Abgeschnittensein von Informationen. Langsame Zustellung der Zeitungen aus Paris und Bitte um Neuigkeiten. Entmutigung der CdS angesichts ihrer unklaren Rückkehr nach Paris. Freude über die Geburt ihres zweiten Enkelkindes. CdS in der Nachwelt durch ihre Enkel und diesbezügliches Gedicht.
3294		Brief	2022-10-27 12:40:43	C02/S09/575-576	1813-04-17	Salm, Constance de	Mentelle, Edme	CdS liest die Briefe Mentelles ihrem Kreis vor, der ihn sehr schätzt (u.a. Wittgenstein, Bürgermeister von Köln). Bedankt sich für die Nachrichten aus der Pariser Gesellschaft, besonders über die gute Küche. Das Landleben bietet wenige intellektuelle Reize, aber kulinarische schon. Grüße an Le Prévôt d’Iray, Gefallen der CdS daran, dass Mentelle die Société du Trône mag. Belieferung der Minette mit Büchern durch Mentelle. Kommentare über den Autor Lemercier, dessen Schreibstil nicht so angenehm ist, wie seine Konversation sein soll. Keine Lust, das neue Gedicht von Millevoye über Goffin zu lesen. CdS kennt das „Jeu du diable“ [Teufelspiel ?] nicht, obwohl die Königin von Holland eins in Aachen besitzt. Abneigung der CdS gegen ohne Autorennamen publizierte Werke. Der Schwager ihres Bruders, Colonel Saint-Mars, ist in Russland in Gefangenschaft (Nachricht steht im 10. Bulletin [de la Grande Armée]). Der andere Bruder ist aus Spanien zurückgekehrt.
3878		Brief	2022-10-27 10:14:55	CdS/02_1/135-137	1805-07-09	Salm, Constance de	Raboteau, Pierre Paul 	Umbauarbeiten in Dyck, Einrichtung einer neuen Wohnung für CdS. Arbeitswut der CdS. Zu ihrem Erstaunen und entgegen allen bisherigen Äußerungen findet CdS das Landleben sehr förderlich, glückbringend und ausgleichend. Verse über ihren Alltag. Sie ist glücklich. Besuche von deutschen Nachbarn („gute dicke Deutsche“). Charakter der Deutschen im Rheinland im Unterschied zu den Franzosen. Es sind „Franko-Germanen“. Ruhiges Wesen der Bauern, aber der Schein trügt: Wie in Frankreich gibt es viele Rivalitäten. CdS‘ Gefallen an den Kommentaren des Raboteau über die Tempelritter und die Moden. CdS findet es schade, dass R. nicht mehr Zeit der Muse widmen kann. CdS hat das überall gelesene und kommentierte Werk über die Tempelritter [=wahrscheinlich das Stück von Raynouard, erschienen 1805] nicht gelesen und ist dessen  überdrüssig. Wert einer treuen und aufrichtigen Freundschaft.
3879		Brief	2022-10-27 13:09:40	C02/S09/201-202	1805-10-18	Salm, Constance de	Raboteau, Pierre Paul 	Geplante Rückkehr der CdS nach Paris am 8. November. CdS war sehr mit dem Verfassen eines neuen Werks beschäftigt. Will nach dem ruhigen und gesunden Landleben auch einen ruhigeren Rhythmus in ihrem Pariser Leben einführen. SRD muss wegen verschiedener Geschäfte in Dyck bleiben, Traurigkeit der CdS über diese Trennung. Philosophische Betrachtungen über die Illusion des bewegten Pariser Lebens. Tiefe Traurigkeit der CdS wegen des Todes der Mme Mentelle.
3880		Brief	2022-10-27 13:04:02		1806-04-04	Salm, Constance de	Raboteau, Pierre Paul 	Raboteaus Brief kurz nach Rückkehr der CdS in Dyck eingetroffen. Erster Brief aus Paris, gute Schreibqualitäten. Häufigere kurze Reisen des SRD wegen verschiedener Geschäftsangelegenheiten. Lange Verse der CdS über einerseits die Freiheit, die sie im Alltag in Dyck genießt, und andererseits die Entfernung von Paris und ihren Freunden. Trägheit der Deutschen. Dank für die feinen philosophischen Gedanken des R. sowie seine literarischen Nachrichten, u.a. Henri IV [= wahrscheinlich „La mort d’Henri IV“ von Legouvé]; CdS traut eher den Empfehlungen geschmackssicherer Freunde als dem öffentlichen Ruf. CdS religiöse Praxis („je vais tous les dimanches à la messe, et c’est toute ma religion et ma politique“), nimmt sich jetzt Zeit, denn in Paris hat man kaum Zeit für die Religion. Rückkehr nach Paris am 15. September geplant. Am 15. August wird der Namenstag Napoleons gefeiert: Vorbereitungen durch SRD als Vorsitzender des Bezirks und CdS (festliche Beleuchtung, etc.). R. soll CdS sein Gedicht „Les jeux de l’enfance“ zuschicken.
3883		Brief	2022-10-25 14:05:48	C02/S09/262-263	1807-07-12	Salm, Constance de	Raboteau, Pierre Paul 	Reise der CdS nach Kleve. Krankheit der CdS, deswegen Antwort erst nach dem 2. Brief des Prous. Sie nimmt „eau de Sedlitz“ (Sedlitzer Wasser).
3884		Brief	2022-10-19 09:00:30	C02/S09/351-352	1809-10-12	Salm, Constance de	Raboteau, Pierre Paul 	Bevorstehende Abreise der CdS. Vorfreude auf Paris. Bitte um Information der Freunde. Dank für Briefe. Verspätete Antwort wegen gesundheitlicher Probleme.
3885		Brief	2022-10-27 13:10:35	C02/S09/299-300	1808-06-11	Salm, Constance de	Raboteau, Pierre Paul 	Verse über die Pflicht, zu schreiben und regelmäßig zu arbeiten. Schlechtes Wetter und philosophische Gedanken der CdS über die Notwendigkeit, mit fortgeschrittenem Alter alles negativer zu sehen als in der Jugend, damit man auch bereitwillig „geht“. Übereinstimmung des R. und der CdS über die mittelmäßige Qualität des Stücks „l’Assemblée de famille“ [von Riboutté]. Kommentar der CdS: lieber ein sehr schlechtes Werk als ein mittelmäßiges.
3886		Brief	2022-10-27 13:04:02	C02/S09/303-305	1808-08-05	Salm, Constance de	Raboteau, Pierre Paul 	Abneigung der CdS gegen das Landleben in Dyck, obwohl sie bei ihrem ersten Aufenthalt Wohlgefallen gefunden hatte. CdS braucht ständige Aktivität. Verse der CdS für das Album des polnischen Generals Sokolniki über die Notwendigkeit, die Lebenszeit nicht untätig verstreichen zu lassen. Gerüchte über die Rückkehr Napoleons nach Paris. Hoffnung der CdS, nach Frankreich zurückzukehren. Geplante Feier für den 15. August [= Napoleons Namenstag] mit voraussichtlich 40 Gästen. Geringe Anzahl, weil es in der Gegend niemanden mit Niveau gebe. Unangenehme Nachbarschaft. Kleinere gesundheitliche Beschwerden.
3887		Brief	2022-10-26 07:01:57	C02/S09/321	1809-05-21	Salm, Constance de	Raboteau, Pierre Paul 	Gute Reise nach Dyck und gute Ankunft der CdS und des SRD. CdS vermisst nur ihre Freunde aus Paris. P.S.: Bitte um Sendung rue Neuve des Mathurins.
3888		Brief	2022-10-27 12:28:34	C02/S09/328-330	1809-06-12	Salm, Constance de	Raboteau, Pierre Paul 	Große Anzahl der Briefe, die CdS empfängt, hindert sie daran, immer zeitnah zu antworten. Sie versucht, ihren engsten Freunden schneller zu schreiben. Freude der CdS über ihr Album als Zeichen der Freundschaft. Verse über das Lob, das auf sie geschrieben wurde, und die damit verbundene Unsterblichkeit. CdS hat „Raboteaus Préfet“ gesehen [=Frochot?]. Schlechtes Wetter: Der deutsche Sommer ist wie ein Winter (viel Regen), CdS vermisst daher Frankreich und Paris. Kauf eines Hauses in Paris (50.000 écus), was CdS sehr nervös macht wegen ihres ungeschickten Umgangs mit Geld; die Frau, die das Haus bewohnt, wird erst im Oktober 1810 ausziehen. CdS hat „Les Martyrs“ (Chateaubriand) nicht gelesen, wünscht Raboteaus Meinung über historische Romane und findet, dass die „Mystiker“ ein Betrug sind.
3889		Brief	2022-10-27 12:29:13	C02/S09/342-343	1809-07-20	Salm, Constance de	Raboteau, Pierre Paul 	Zeitmangel der CdS für eine regelmäßige Beantwortung der Korrespondenz. Lektüre des Lobs auf Lalande von CdS im Athénée des arts. CdS hatte die Rede anonym lesen lassen, aus Angst vor Kritiken, aber jetzt ist sie darüber verärgert, denn der Erfolg war groß. Deswegen wird sie das Werk offiziell drucken lassen. Komposition von Versen für den Namenstag von Marguerite Beugnot, Ehefrau des Jacques Claude Beugnot, Minister in Düsseldorf; gute Meinung der CdS über das Paar. Verse inspiriert durch die Verse des Raboteau für CdS‘ Namenstag. Gefallen der CdS am Epigramm des R. über P[icard]; Abneigung der CdS gegen diesen. CdS kann nicht vergeben, höchstens vergessen.
3890		Brief	2022-10-25 14:10:40	C02/S09/347-348	1809-08-10	Salm, Constance de	Raboteau, Pierre Paul 	Veröffentlichung des Lalande-Nachrufs nach CdS' Rückkehr nach Paris. Arbeit an einer neuen Epître [à un vieil auteur], diese wurde in 15 Tagen fast abgeschlossen. Verse schreiben ist CdS’ tiefstes Glück und füllt ihre Einsamkeit aus. Vorfreude auf Paris und gleichzeitig Angst vor dem Umzug. Besuch des Coupigny, der aus Spa zurückreiste. Hohe Unterhaltskosten für Schloss Dyck (60 Leute wohnen und wirken dort). Viele Geschäftsangelegenheiten und Anpassungsschwierigkeiten an das Land, dessen Sitten und Sprache. CdS beabsichtigt, schnellstmöglich nach dem 15. September abzureisen.
3892		Brief	2022-10-27 13:09:40	C02/S09/403-405	1810-08-21	Salm, Constance de	Raboteau, Pierre Paul 	Dank für seinen Brief. Raboteau als ihr treuester Freund und Briefpartner. CdS’ Genesung nach ihrem Sturz. Besuch von einigen Freunden, Einsamkeit nach deren Abreise. Arbeit an ihrem neuesten Projekt. Dank für seine Verse über ihre Genesung und ein weiteres Gedicht. Lektüre seiner Briefe in Gegenwart ihrer Freunde. Bericht des Instituts. In Versform: Klage über Eintönigkeit des sittenstrengen und freudlosen Landlebens (siehe auch im Brief an Ladoucette, C02/S09/399). Erfolg ihrer „Cantate sur le mariage de Sa Majesté l’Empereur“ in Aachen. Anfrage des Préfet de la Roer, Ladoucette, das Stück im Theater aufführen zu lassen. Zufriedenheit CdS’ über Erfolg, hofft auf entsprechendes Medienecho auch in Paris. Reise Napoleons nach Düsseldorf verzögert sich. Feier auf Schloss Dyck anlässlich des 15. August. Schicksalsgläubigkeit der CdS im Widerspruch zum aufgeklärten Zeitalter. Grüße von SRD und Minette, vor allem an Raboteaus Tochter.
3893		Brief	2022-10-27 12:28:34	C02/S09/410-411	1810-10-08	Salm, Constance de	Raboteau, Pierre Paul 	CdS’ Dank für den letzten Brief mit Versen, CdS hat so viele Verse geschrieben, dass sie jetzt keine passenden übrig hat. Sie bleibt noch ca. 1 Monat (insgesamt 4 Monate Aufenthalt) in Dyck, wegen Gesundheit und vieler Geschäfte. Umbauten im Pariser Haus und auf Schloss Dyck (2 neue Kamine). CdS weiß um ihre schlechte Handschrift. Ihre freundschaftliche Beziehung zu Pugnet. Einige Verse über die Freundschaft. CdS schätzt die Verse des R. über die „Prix décimaux“.
3894		Brief	2022-10-27 13:14:44	C02/S09/415-416	1810-10-30	Salm, Constance de	Raboteau, Pierre Paul 	CdS‘ Abreise in zwei Wochen, wünscht sich aber noch einen Brief von R. davor. Reiseunterbrechung in Aachen und in einem anderen, noch nicht definierten Ort, die Reise wird vermutlich 7 bis 8 Tage dauern. CdS Vorfreude auf die „petits dîners“ und gute Abendgesellschaften. Einsamkeit auf Schloss Dyck, selbst die erfrischende Provinzgesellschaft ist besser als die Einsamkeit. CdS‘ Arbeitswut, seitdem sie wieder gesund ist (Vesikatorium am Bein). CdS nimmt einen jungen Sekretär ihres Ehemanns in Anspruch, der viele Fehler macht, denn er ist Deutscher. Prozess [=?] ist beendet. Hausumbau in Paris geht voran, trotz negativer Meldungen von Martini. CdS wünscht, die Familie La Chabeaussière in Paris öfter zu sehen. Minettes Interesse für Mineralogie. Sie schreibt den Brief auf dem Sofa, während SRD das Buch des Dr. Gall (Begründer der Phrenologie) liest und Minette ein deutsches Lied abschreibt. Die Domestiken werden um 10 Uhr die Gemüseplatten für das Abendessen auftragen.
3895		Brief	2022-10-25 13:53:41	C02/S09/468	1811-05-14	Salm, Constance de	Raboteau, Pierre Paul 	Glückliche Ankunft der CdS in Dyck, gute Stimmung, schöne Landschaft, sie bleibt hier eine Weile, wird ein Fest geben. Zufriedenheit mit der Presse, Warten mit Bangen auf das „Journal de l’Empire“, Erfolg.
3896		Brief	2022-10-27 12:28:34	C02/S09/482-483	1811-06-01	Salm, Constance de	Raboteau, Pierre Paul 	Trostschreiben für einen herben Verlust [Todesfall?] des R. CdS‘ intensive Beschäftigung mit den Geschäften des SRD, vor allem in Sachen Finanzsanierung. Schwierigkeit der Aufgabe: Reduzierung der Kosten, u.a. Personal, und gleichzeitig der Menschlichkeit (=soziale Gerechtigkeit) gerecht bleiben. Zufriedenheit der CdS mit dem Echo der Presse über ihr Werk [= „Poésies“]. Gute Kritik im Journal de la Roer. CdS glaubt, dass hier der Einfluss des Préfet [=Charles-François de Ladoucette] eine Rolle gespielt hat. Vermittlung der CdS bei Ladoucette zugunsten eines Bekannten, der darauf eine Stelle in Köln erhalten hat. Frage nach Gudin und La Chabeaussière; Freundeskreis veraltet.
3897		Brief	2022-10-26 07:01:57	C02/S09/486-487	1811-06-25	Salm, Constance de	Raboteau, Pierre Paul 	Bekräftigung der Meinung der CdS über das ungerechte Verhältnis zwischen Männern und Frauen; dies sei ihr Glaubensbekenntnis, sie wird ihre Meinung weder ändern noch verschweigen. CdS als Frau oft verletzt worden, sie kann es nicht vergessen. Wahrheitsbedürfnis und Gerechtigkeitssinn der CdS. In der Gesellschaft muss sie sich aber moderater ausdrücken. Erkrankung (Erkältung) der Minette nach einem Ball auf Schloss Dyck.
3898		Brief	2022-10-25 13:56:20	C02/09/500-501	1811-06-28	Salm, Constance de	Raboteau, Pierre Paul 	CdS und die Frauenfrage : ihr Werk, „Epître“ [=?], stimmt mit ihrer tiefsten Überzeugung überein. Presseberichte: steife und pseudo-neutrale Kritik des Laya in „Le Moniteur“. Ärger des „Courrier de l’Europe“. Angenehmere Berichte der „Gazette de France“ und des „Journal de l’Empire“ (obwohl aus der Opposition). Sohn Raboteaus macht gute Fortschritte in seiner Laufbahn. Ärger mit einem ausländischen Domestiken, der Salms beraubt hat und geflohen ist. Überprüfung der Ausweise der Bauern, die gleichzeitig „sehr dumm und sehr schlau sind“, auf Anweisung der Regierung. SRD soll in Aachen für ein paar Tage als Geschworener fungieren. Intensive Arbeit der CdS wegen des schlechten Wetters auf dem Lande. Traurigkeit der CdS über die schlechten Nachrichten über die Gesundheit ihrer alten Domestikin Charlotte.
3899		Brief	2022-10-26 12:19:44	C02/S09/497-499	1811-08-02	Salm, Constance de	Raboteau, Pierre Paul 	Aufgabe der großen Diskussion zwischen R. und CdS über die Frauenfrage. Verzögerung der Antwort aufgrund einer Reise nach Aachen, um Pauline Borghese zu sehen, und sie hat ihr ihr Werk sowie Verse geschenkt. Traurige Nachricht über den Tod ihrer alten Domestikin Charlotte. Geplante erneute Reise nach Aachen mit SRD (er wird im Landkreis, „conseil général“ sitzen). Annäherungsversuche des Préfet und Absage der CdS, um für Pauline Borghese ein Gelegenheitsstück zu spielen. „Olympe” ist nicht mehr bei CdS, da diese ihre Wohnung benötigte. CdS hat eine Gesellschafterin, die ihren Haushalt führt, denn CdS kann nicht genug Deutsch und ist nicht streng genug. Unvereinbarkeit des Geschäftssinns und der Schöngeisterei. Deutsche Frauen sind sehr geschäftstüchtig und daher nicht konversationsfähig. Größe und Komplexität des Haushalts auf Schloß Dyck, was mit vielen Sorgen verbunden ist. Sehnsucht nach dem Leben in Paris. Sohn Raboteaus wird als Militär nach Deutschland geschickt. Last der Einsamkeit, schlimmer als die Last einer schlechten Ehe, das Thema wird in ihrer „Epître à Sophie“ ausgedrückt (Verse). Neues Vorhaben der CdS: die Endfassung ihrer Epître [sur la philosophie] niederzuschreiben.
3900		Brief	2022-10-27 12:28:34	C02/S09/508-509	1811-09-05	Salm, Constance de	Raboteau, Pierre Paul 	Dank der CdS für den langen und mit vielen Versen verzierten Brief des R. Bewunderung der CdS für die Fähigkeit des R., Verse so leicht zu schreiben, es kostet sie dagegen viel Mühe. Gedanken über die Freundschaft; Vergleich mit Deutschland, wo man diese nicht pflegt und viel zu verschlossen in der Familie lebt. Spontaner und leidenschaftlicher Charakter der Franzosen, kalte und berechnende Natur der Deutschen. Freunde, die reich werden, vergessen anscheinend ihre alten Freunde, aber CdS verteidigt die andere Meinung, dass sie eigentlich von den neuen und zunehmenden Verpflichtungen zu sehr eingenommen sind und daher keine Zeit mehr haben. CdS war zwei Wochen in Aachen. Pauline Borghese hat in CdS‘ Album ein Lied eingetragen, das sie selber komponiert hat. Ende von Raboteaus Witwerdasein.
3901		Brief	2024-08-12 14:23:34	C02/S09/514-515	1811-10-16	Salm, Constance de	Raboteau, Pierre Paul 	Lange kein Brief an Raboteau. Aufenthalt Napoleons im Rheinland bringt viele Verpflichtungen mit sich. Ernennung SRDs zum Kommandanten der Ehrenlegion. CdS’ Briefwechsel mit Prinzessin Pauline. Danke für Raboteaus Verse im letzten Brief (über den Kometen). Lob seines Stils. Keine Antwort auf Brief an Académie-Mitglied, aber positive Besprechung in dessen Zeitung. Weniger angenehme Kritik im „Bourgeois“. Minettes Absicht, Raboteaus Tochter einen Brief beizulegen. PS: Ankunft in Paris Mitte Dezember. Raboteaus Lob ihrer „Sapho“.
3902		Brief	2022-10-19 09:00:30	C02/S09/592	1812-00-00	Salm, Constance de	Raboteau, Pierre Paul 	CdS bietet und leiht Raboteau 10 Louis. Krankheit des R.
3904		Brief	2022-10-27 13:09:40	C02/S09/561-562	1812-06-17	Salm, Constance de	Raboteau, Pierre Paul 	Geplante Reise nach Aachen, wo SRD sich seit zwei Wochen wegen seiner Tätigkeit als Geschworener befindet. Aachen ist das deutsche Paris, brillante Gesellschaft (u.a. Königin von Holland). Schlechtes Wetter, Gruß an Ponce, von dem sie bald einen Brief erhofft.
3905		Brief	2022-10-27 13:09:40	C02/S09/568-569	1812-07-12	Salm, Constance de	Raboteau, Pierre Paul 	Ratschläge der CdS zur Genesung des Raboteau. Kränklichkeit der CdS, Freude, die Ruhe auf Dyck zu finden. Aufregender und anstrengender Aufenthalt in Aachen. Beliebtheit der CdS in der dortigen Gesellschaft. Eintrag eines Gedichts durch die Königin von Holland in das Album der CdS. Anmut und schriftstellerische Begabung der Königin. Eintrag der CdS in das Album der Königin (vier Verse). Dank an Raboteau für sein Lob über ihre Epître [sur la rime]. Veränderungen an diesem Werk für eine Publikation im „Journal des muses“. CdS‘ Urkunde als Ehrenmitglied der Akademie von Livourne. Dank für die guten Verse des R.
3906		Brief	2022-10-19 09:00:30	C02/S09/573-574	1812-08-01	Salm, Constance de	Raboteau, Pierre Paul 	Sorge der CdS um die Gesundheit des R. Regnerisches und stürmisches Wetter seit ihrer Rückkehr aus Aachen, viele Zerstörungen in der Gegend, sogar Tote wegen Hagel. CdS arbeitet viel.
3907		Brief	2022-10-27 12:40:43	C02/S09/583-585	1812-09-23	Salm, Constance de	Raboteau, Pierre Paul 	Bevorstehende Entscheidung über die Heirat der Minette. Zweifel und gewisse Abneigung der CdS gegen den potentiellen Ehemann. Sorgen der CdS um den Sohn des R., der beim Militär ist. Bevorstehender Besuch der Hompesch mit den beiden Söhnen, die aus [dem Lycée militaire von] La Flèche zurückkehren. Sechs Verse der CdS über das Schreiben.
3908		Brief	2022-10-26 12:18:20	C02/S09/582	1812-10-24	Salm, Constance de	Raboteau, Pierre Paul 	Erleichterung der CdS über die Auflösung der Verlobung der Minette [siehe Fußnote der Abschrift]. CdS' geplante Rückkehr nach Paris Ende November (Abreise frühestens am 15. November).
3909		Brief	2022-10-26 07:01:57	C02/S09/602	1813-04-14	Salm, Constance de	Raboteau, Pierre Paul 	Glückliche Ankunft der CdS in Dyck. CdS vermisst ihre Tochter, die in Paris [nun verheiratet] geblieben ist.
3910		Brief	2022-10-27 12:40:43	C02/S09/609-610	1813-05-23	Salm, Constance de	Raboteau, Pierre Paul 	Sorgen um den Sohn Raboteaus wegen der Schlachten in Deutschland nach dem Russlandfeldzug (2. Mai 1813, Schlacht bei Großgörschen). Glück der Minette in ihrer Ehe. Zufriedenheit der CdS mit ihrem Schwiegersohn, trotz Traurigkeit darüber, nun von ihrer Tochter getrennt zu sein. Aufenthalt in Aachen, wo sich CdS eine Wohnung angemietet hat, um ihre eigenen vier Wände einrichten zu können. Mit fortschreitendem Alter ist ihr weniger der Ruhm als die Privatsphäre wichtig. Reflexionen über den Klimawandel (viel Regen, Stürme etc.) „seit dem Kometen“.
3911		Brief	2022-10-27 12:40:43	C02/S09/611-612	1813-06-22	Salm, Constance de	Raboteau, Pierre Paul 	Kondolenzschreiben der CdS zum Tod des Sohns Raboteaus, der im Krieg gefallen ist. Schwangerschaft der Minette.
3912		Brief	2022-10-26 08:33:06	C02/S09/613-614	1813-07-12	Salm, Constance de	Raboteau, Pierre Paul 	Trostworte der CdS zum Tod des Sohnes Raboteaus. Freude an der glücklichen Schwangerschaft ihrer Tochter. Reflexionen über die Aufs und Abs des Lebens. Besuch der Familie Hompesch. Krankheit des Pugnet nach einer Reise nach Lyon.
3913		Brief	2022-10-26 08:33:06	C02/S09/620-621	1813-04-22	Salm, Constance de	Raboteau, Pierre Paul 	Wetterfühligkeit der CdS. Langeweile der CdS, sie verlässt in 4 Tagen Aachen, wo sie vor 2 Wochen angereist ist. Reflexionen über ihre Unzufriedenheit über das Leben in einer Provinzstadt mit vielen Ausländern. Vorfreude, in Dyck eine große „Epître“ fertigzuschreiben. Man spricht viel über den Krieg. Rückreise nach Paris vermutlich erst im Oktober.
3914		Brief	2022-10-26 08:33:06	C02/S09/628-629	1813-10-16	Salm, Constance de	Raboteau, Pierre Paul 	Große Anzahl der Besuche und der zu erledigenden Korrespondenz. Prozess des Michel (?) wegen Spekulationen [?, unklar]. Freude der CdS über die Nachrichten über die gute Gesundheit ihrer Tochter in der Schwangerschaft. Kommentare der CdS über das Thema ihrer neuesten „Epître“ [sur la philosophie]. Vorfreude der CdS auf Paris.
3915		Brief	2022-10-27 10:14:55	C02/S09/644-646	1813-11-08	Salm, Constance de	Raboteau, Pierre Paul 	Zorn der CdS gegen Fanny Raoul. CdS hatte deren Werk „Opinion sur les femmes“ gelesen und korrigiert, Raoul vielfach unterstützt; Raoul soll jetzt CdS verleumdet haben, indem sie CdS beschuldigt, ihr Manuskript (eine „Rhapsodie“) als ihr eigenes an Duval weitergeleitet zu haben. Erinnerungen an die Einbildung der Raoul, die wähnte, eines Tages Kaiserin von Frankreich zu werden. CdS' Rückkehr nach Paris in ca. 10 bis 12 Tagen.
3916		Brief	2022-10-26 07:07:07	C02/S09/653-654	1814-07-24	Salm, Constance de	Raboteau, Pierre Paul 	Sorgen der CdS um ihre Tochter, da sie bisher keine schriftlichen Nachrichten von ihr oder über sie hat – obwohl sie Zeitungen aus Frankreich erhält.
3917		Brief	2022-10-26 08:22:18	C02/S09/657-658	1815-08-25	Salm, Constance de	Raboteau, Pierre Paul 	Glückliche Ankunft der CdS in Dyck. Gute Fortschritte der CdS in der deutschen Sprache. Wunsch nach Nachrichten vom literarischen Geschehen in Paris sowie von der Politik. Sendung eines Briefs an Madame Leroy de Bacre mit Bitte um Nachsendung.
3918		Brief	2022-10-27 12:40:43	C02/S09/659-661	1814-09-10	Salm, Constance de	Raboteau, Pierre Paul 	Deutschunterricht der CdS seit dem 17. Juli. Intensive Arbeit der CdS an der Grammatik, große Fortschritte (u.a. im Übersetzen), geistige Erschöpfung. Moderate Fortschritte beim mündlichen Ausdruck. Dank für die Verse Raboteaus. (CdS schreibt Verse über ihre Nostalgie nach Frankreich zurück.) Häufiger Besuch ehemaliger preußischer Gäste (Offiziere) auf Schloss Dyck: große Gesellschaft, positive Meinung der CdS über preußische Männer (entgegen ihren Vorurteilen). Balanceakt der CdS zwischen der Treue zu ihrem Heimatland und der Notwendigkeit, gute Beziehungen zur angeheirateten Heimat zu pflegen. Schwierigkeit der Lage bei Offizieren, die in Frankreich bei großen Schlachten (und preußischen Siegen) waren, wie in La Fère. Rauschendes Fest zum Geburtstag des Fürsten am 4. September. CdS hat die Polonaise mit den preußischen Offizieren getanzt sowie andere Tänze, die sie ebenfalls nicht kannte. CdS zufrieden und glücklich mit ihrer Zeit. Gute Nachrichten der Tochter. Zeitungsberichte über Frankreich, über die dort herrschende Ruhe, über den Aufenthalt Napoleons auf Elba, der wegen der angeblichen Nachlässigkeit der Engländer den anderen Mächten Sorgen bereitet. Bewusstes Schweigen der CdS im Brief, daher Bitte um Nachrichten über das literarische Geschehen statt Politik. Vermutlich wird SRD im Oktober nach Wien reisen, daher wird CdS nach Paris kommen.
3919		Brief	2022-10-27 13:14:02	C02/S09/664-666	1814-10-23	Salm, Constance de	Raboteau, Pierre Paul 	Aufenthalt des SRD in Wien, Nachricht auch im „Moniteur” erschienen. Militärische Einquartierungen auf Schloss Dyck, daher Verschiebung der geplanten Reise nach Paris (geplant in ca. 6 Wochen). CdS‘ Bemühungen, Deutsch zu lernen (Verse der CdS). Beruhigende Nachrichten von Paris durch die französische und die deutsche Presse. Besorgniserregende Nachrichten über Talleyrand auf dem [Wiener] Kongress: Sorge um Wiederaufnahme des Krieges wegen der schlecht laufenden Verhandlungen. Hoffnung für Deutschland. Zeitmangel der CdS für die Dichtung. Minette hat ihr Haus auf dem Land verkauft. Trübe Stimmung der CdS. Verse auf ihr „Mardi“, ihr „Jeudi“, ihr „Lundi“.
3920		Brief	2022-10-27 12:40:43	C02/S09/670-672	1814-12-27	Salm, Constance de	Raboteau, Pierre Paul 	Warten auf Rückkehr des SRD aus Wien. Gutes Verhältnis zu den einquartierten Offizieren (einem Major und zwei Adjutanten). Mangel an Zeit für das Dichten. Fortsetzung am 8. Januar: große Traurigkeit der CdS, das neue Jahr ohne Familie und Freunde zu feiern, nur eine Gesellschafterin und ein Adjutant waren anwesend. Verse der CdS über ihre Freunde und die Entfernung der Heimat. SRD kommt erst Ende Februar zurück. Große Melancholie der CdS, die bald nach Paris zurückkehren will. Absicht der CdS, ihr Haus in Paris zu verkaufen.
3922		Brief	2022-10-27 12:28:34	C06/S43/010-011	1815-08-08	Salm, Constance de	Raboteau, Pierre Paul 	Empfang eines Briefs des R. nach Unterbrechungen und Schwierigkeiten der Postbeförderung. Ankündigung, dass es in ihren Briefen nur um Freundschaft und Literatur gehen wird. Freude über Verse des R. und diesbezügliche Antwort in Versform. Umgang der CdS mit Leuten, die, anders als sie, nach Paris reisen. Eintönigkeit der verstreichenden Tage. Stockende Arbeit. CdS lernt Deutsch. Sorge um ihre schwangere Tochter mangels Neuigkeiten. Sorge um ihre Freunde und Einsamkeit. Wunsch nach Frieden. Freude über Wohlergehen des R. in schwierigen Zeiten.
3923		Brief	2022-10-27 12:40:43	C06/S43/018-021	1815-10-29	Salm, Constance de	Raboteau, Pierre Paul 	Lange Erklärung der CdS über den Wert der Freundschaft (diese bleibt trotz ihres langen Schweigens). Ruhe weit entfernt von Frankreich, Unruhe der Epoche, Sorge um die Zukunft. CdS‘ bevorstehender Geburtstag. Freude des Großmutter-Seins: Gedicht der CdS auf diese Freude. Ohrverletzung der CdS. Besuch des Ministers Reinhard auf Dyck. Ankündigung des baldigen Aufenthalts von preußischen Truppen. CdS plant, 2 bis 3 Monate des Winters in Aachen zu verbringen. Verdruss wegen des öden Landlebens, das nur durch gute Gespräche aus ihrer Gesellschaft aufzuheitern wäre. Schweigen über die Politik [=„détails de famille“, Code-Name]. Bitte der CdS um Nachrichten und Anekdoten aus dem Pariser Gesellschaftsleben, inklusive Wortspiele und „Lazzis“. Sie wird von Ponce das Gleiche erbitten, mit Nachrichten aus der Welt der bildenden Künste. Presseberichte handeln nur von Politik. Geplante Rückreise nach Paris über Holland. Nachfrage, ob Raboteaus Gehalt auch gekürzt wurde.
3924		Brief	2022-10-27 10:00:13	C06/S43/029-031	1815-12-06	Salm, Constance de	Raboteau, Pierre Paul 	Dank, Freude und Trost durch die Zusendung des von R. verfassten Bulletins. Freude über Erhöhung der Bezüge des R. Angesichts einer Anekdote Erkenntnis, dass Vernunft nicht alles erklärt. Glauben an Zufälle. Gefallen der CdS an den Versen auf dem Sockel einer Amorstatue. Zukünftiges vertrauliches Gespräch über Mme de Baur [?]. Vertrauen zwischen CdS und R. Wert eines festen und ehrlichen Charakters, den man im Alter besser erkennt. Diesbezügliche Schrift der CdS ist in Arbeit. Programm des Institutspreises: „le bonheur de l'études”. Enthusiasmus und inspirierte Verfassung eines diesbezüglichen Gedichts in Tag- und Nachtarbeit und Diktat der Verse in einem Zug. Korrektur. Ansicht, dass es sich um ihr bestes Werk handelt. Bitte um Zustellung ans Institut. Weiterleitung eines Briefs an Andrieux und dessen Vermittlung und Einsatz bezüglich des Preises. R. soll Andrieux den Beitrag der CdS vorlesen. Geringe Gewinnchancen der CdS aufgrund der Zusammensetzung der Jury. Stellenwert einer schnellen Antwort für CdS. Bitte um Vertraulichkeit.
3925		Brief	2022-10-27 12:29:13	C06/S43/032-033	1815-12-09	Salm, Constance de	Raboteau, Pierre Paul 	Nach eiliger Fertigstellung eines Beitrags für den Institutspreis Erkenntnis, dass dieser erst zwei Jahre später fällig ist. Trost, dass durch diesen Irrtum und ihre frenetische Arbeit ihre beste Arbeit entstanden ist. Bitte um Vermittlung des Andrieux zu einem späteren Zeitpunkt. Lachen über ihren Irrtum und Freude über Wiederaufnahme der dichterischen Arbeit. Immer wieder Wechsel zwischen Phasen schwungvoller Arbeit und Inspiration und Phasen verzweifelter Entmutigung. Zeitweise Unterbrechung ihrer dichterischen Kapazitäten durch Beschäftigung mit der deutschen Sprache.
3926		Brief	2022-10-27 12:40:43	C06/S43/044-046	1816-01-18	Salm, Constance de	Raboteau, Pierre Paul 	Verzögerte Antwort der CdS. Trauer um Tod des Mentelle. Einreihung in eine Liste von sehr wichtigen Freunden, die CdS im Laufe der Jahre verloren hat. Tod des Mentelle wie ein griechischer Philosoph und Einarbeitung dieses Ereignisses in den „Discours sur l'étude”. Verse über die Vorteile des Studiums/des Lernens. Unterbringung von Militärs auf Schloss Dyck. Bekanntschaft mit einem freundlichen Kolonel und Diskussionen zwischen ihm und CdS über das Bulletin des R. Freude über Gedicht des R. über CdS und diesbezügliches Gedicht. Sage um zwei Schlösser des Ritters von Rothenburg [genannt Liedenschmitt?], nach der dieser Krieg und Frieden in Europa voraussagt. Berichterstattung von Zeitungen und Untersuchung entsprechender Erscheinungen durch eine Kommission. Natürliche Erklärung für solche Erscheinungen. Bitte um Vertraulichkeit. Unwille der CdS, in Paris mit solchen Geschichten in Verbindung gebracht zu werden. Scherzhaft formulierte Reisepläne der CdS und möglicher Kriegsausbruch.
3927		Brief	2022-10-27 12:28:34	C06/S43/064-065	1816-03-20	Salm, Constance de	Raboteau, Pierre Paul 	Abreise des SRD und Tod eines Freundes als Grund für verzögerte Antwort der CdS. Verlassenheit der CdS, schlechter Gesundheitszustand und daraus resultierende Belastung durch jeden zusätzlichen Kummer. Eine Verbesserung ihrer Lage zeichnet sich ab. Trost durch Bulletin des R. Karriere des Sohnes des R. Geist und Bildung machen, dass man sich überall wohlfühlt. Voraussage der CdS, dass P.E. Raboteau sein Vaterland vermissen wird. Grüße der CdS. Freude über eine andere familiäre Angelegenheit des R. und damit verbundenes Bedauern. Anwesenheit des Hompesch. Änderung der Reisepläne durch die Reise des SRD. Trost durch Arbeit und Verszitat aus einer Schrift über das Lernen. Übertragung ihrer Zuneigung für verstorbene Freunde auf verbliebene Freunde wie R.
3928		Brief	2022-10-27 10:05:33	C06/S43/076-077	1816-04-04	Salm, Constance de	Raboteau, Pierre Paul 	Beteuerung, dass CdS R. nicht vergessen hat. Glückwünsche zur Heirat der Tochter. Detaillierte Beschreibung der Schwierigkeit, mit der Heirat eines Kindes und der damit verbundenen Entfernung umzugehen. Glück der Kinder um den Preis des eigenen Glücks. Bedauern über weit zerstreute Familien. Positive Wendung der Angelegenheiten des SRD. Hoffen der CdS auf eine dauerhafte Position. Ablehnung von Veränderung und möglicher Bezugspunkt in Dyck trotz Ablehnung des Landlebens. Gerechte und liberale Regierung. Trotz Einsamkeit der CdS Bedürfnis nach Ruhe und Frieden nach den letzten 25 Jahren. Freude an der Arbeit an einem Briefroman über eine eifersüchtige und verliebte Frau. In Herzenssachen gleicht CdS jeder anderen Frau. In die Schrift integrierte Analyse von Herzensdingen. Moral dieses Werks. CdS behält den Titel für sich. Verschiebung der Rückreise nach Paris auf den Winter aufgrund der Abwesenheit des SRD. Das Alter der CdS. Unspezifischer Adressat ihrer Liebesbriefe. Nachlassen der Begeisterung für ihre Schrift „Discours sur l'étude”, die CdS angesichts der neuen Ordnung anders verfasst hätte. Mehr freie Zeit durch Hochzeit der Tochter der CdS.
3929		Brief	2022-10-27 12:28:34	C06/S43/088-089	1816-05-05	Salm, Constance de	Raboteau, Pierre Paul 	"Verständnis für längeres Schweigen des R. Voraussichtliche Klärung der Angelegenheiten des SRD. Arbeit als einziges Glück und Trost. Wiederaufnahme des gesellschaftlichen Lebens. CdS empfängt ungern alleine Gäste auf dem Land. Regelmäßige Versorgung mit Zeitungen. Aussicht, den Winter in Paris zu verbringen. Trauer über den Verlust von Freunden. Bitte um Neuigkeiten und Grüße an gemeinsame Freunde. Weitere Einzelheiten wird CdS ihm ""au coin du feu"" mitteilen."
3930		Brief	2022-10-27 12:08:17		1816-06-03	Salm, Constance de	Raboteau, Pierre Paul 	Verspätete Antwort der CdS aufgrund von verschiedenen Verpflichtungen. Trennung des R. von seiner Tochter aufgrund von deren Hochzeit. Schlechter Gesundheitszustand der Tochter der CdS durch Stillen ihres zweiten Kindes und Sorge der CdS. SRD erhält den Titel eines Prinzen. Zufriedenheit des Paars. Belastende Trennung von SRD. Überraschung der CdS über einen an die „Prinzessin von Salm” adressierten Brief. Freude und Glückwünsche ihres häuslichen Umfelds. Ausgelassene Feier ihres Hausstandes. Freude der CdS über diese Sympathiebezeugungen. Glückwünsche des benachbarten Adels und der Gemeinde. Gedicht der CdS.
3931		Brief	2022-10-26 12:18:20	C06/S43/110-113	1816-07-18	Salm, Constance de	Raboteau, Pierre Paul 	Ausstehende Briefe zwischen CdS und R. Rückkehr des SRD. Melancholie der CdS während seiner langen Abwesenheit. Geplanter Empfang und Feier durch Pächter, Offiziere und Freunde und Verpflichtungen des SRD in Köln. Verse der CdS über ihre Einsamkeit und die Rückkehr des SRD. Voraussage des Endes der Welt und ein von den Leuten in diesem Sinne interpretiertes Unwetter. Vernichtung der Ernte. Klagen der Pächter und Ungeduld der CdS. Unterbrechung der Zeitungslieferungen und Bitte um Neuigkeiten. Zufriedenstellender Fortgang der Angelegenheiten des SRD. Hoffnung auf eine friedliche Zukunft in Europa. Reisepläne nach Paris. Schönes Wetter nach Überschwemmungen des Rheins mit mehreren Todesfällen. Unterbrechung ihrer Arbeit durch Vorbereiten der Rückkehr des SRD. Arbeit und Liebe als Inbegriff des Glücks, das CdS lange besessen hat. Veränderungen durch das Alter (und die damit verbundene Ruhe), deren man sich auf dem Land bewusster ist als in der Stadt. Glückwunsch zur beruflichen Etablierung seines Sohnes. 19.07.: Abreise des SRD nach Köln. Wiederaufnahme ihrer Arbeit.
3932		Brief	2022-10-26 12:18:20	C06/S43/136-140	1816-09-30	Salm, Constance de	Raboteau, Pierre Paul 	Freude der CdS über ihren Aufenthalt in einem kleinen Schloss des SRD in Alfter, das durch den Krieg leergeräumt werden musste. Gegensatz dieses Schlosses zu Dyck. Enthusiasmus der CdS über die Lage des Schlosses und diesbezügliches Gedicht. Begeisterung der CdS für das Siebengebirge. Eine von CdS in Verse umgewandelte Geschichte für Kinder über den Drachenfels. Misstrauen der Pariser solchen Geschichten gegenüber. Besichtigung Bonns. Louis XVIII. im Exil in Bonn. Beschreibung des Poppelsdorfer Schlosses und des Godesbergs. Gedicht über ihre Rückkehr nach Dyck. Lob der CdS und positiver Bericht der Tochter der CdS über eine Fabel des R. Freude über das Bulletin des R. Freude der CdS über häufige Besuche des Hompesch und Isolation und Leiden der CdS. Schwangerschaft der Tochter des R. Erstaunen der CdS, dass es dem Sohn des R. in der Schweiz gefällt. Die Kürze des Lebens zwingt dazu, sich auf eine Sache zu konzentrieren. Baldige Abreise der CdS ohne SRD. Einfluss des Wetters auf die Stimmung.
3933		Brief	2022-10-27 12:28:34	C06/S43/153-154	1816-12-03	Salm, Constance de	Raboteau, Pierre Paul 	"Rückkehr der CdS nach Paris. Schlechter Gesundheitszustand der CdS. Vorfreude. Dank für Briefe des R. Freundschaftsbekundung. Verschobene Abgabe einer Abhandlung. Den Rest will sie ihm ""au coin du feu"" erzählen."
3935		Brief	2022-10-26 12:18:20	C06/S43/195-196	1817-06-06	Salm, Constance de	Raboteau, Pierre Paul 	Rückkehr der CdS und Wiedersehen mit SRD. Voranschreiten einer eine Schrift der CdS betreffenden Angelegenheit und diesbezügliche Hilfe eines nicht namentlich genannten Herrn. Gelassenheit der CdS im Alter. CdS hat viele Briefe zu schreiben. Bedürfnis zu hören, ob ihre Freunde sie vermissen.
3936		Brief	2022-10-27 10:05:33	C06/S43/212-214	1817-07-25	Salm, Constance de	Raboteau, Pierre Paul 	Bedauern der CdS über ausstehende Post von R. und diesbezügliche Verse. Vermutung, dass eine Angelegenheit negativ für CdS ausgegangen ist. Abbé Sicard hat sich wie ein alter Freund eingesetzt. Erscheinen eines neuen originellen Beitrags. Originalität gehört nicht zu ihren Stärken, aber darauf wird viel Wert gelegt. CdS hat sich abgefunden. Verse. Wiederaufnahme ihres Briefromans. Angenehmere Beschäftigung mit Romanfiguren als mit aktuellen Themen. Schwierigkeit, sich nicht den Meinungen seines Umfelds anzupassen und immer zu widerstehen. Gefahr des einsamen Lebens, sich anzupassen, ohne dass man es merkt. Bemühen der CdS, ihre Passionen so lange wie möglich aufrechtzuerhalten. Erkenntnis, dass der Unwissende glücklicher ist als der Wissende, und eine geplante diesbezüglichen Schrift. Schwierigkeit, bis ins Alter seine Überzeugungen zu behalten. Anstehender Besuch des Kronprinzen und des Königs. Schwierigkeit der CdS, auf dem Land ihre äußerliche Erscheinung vorzubereiten. Bevorstehende Reise nach Aachen. Gefallen der CdS an Einsamkeit. Schwieriger Übergang von einem Lebensalter ins andere. Sorge um ihre Tochter und ihren Mann.
3937		Brief	2022-10-27 12:29:13	C06/S43/172-174	1817-04-26	Salm, Constance de	Raboteau, Pierre Paul 	Empfang des Bulletins des R. CdS informiert sich über die Literaturwelt. Verschiedene Neuigkeiten: Tanz der CdS mit dem preußischen Kronprinzen, Geburt eines Enkelkindes, Angelegenheiten, die CdS zukünftig ihre Reisen erleichtern könnten. Schrift der CdS in engerer Auswahl der Académie. Scheitern durch negativen Einfluss des Fontanes. Trotzdem ehrenvolle Erwähnung der CdS im Bericht. Vermutung der CdS, dass persönliche Gründe hinter dem Handeln des Fontanes stehen. Veränderung von Freunden unter dem Einfluss der Selbstliebe. Erleichterung der CdS, mit diesem Thema abschließen zu können. Dank für das Bulletin. R. fällt so etwas leicht. Bestreben der CdS, immer große moralisierende Verse zu schreiben. Schwangerschaft der Tochter des R. Heirat der Mlle Georgeon. Nachfrage zum besorgniserregenden Zustand des M. Le Roi [Leroy?]. Anwesenheit des preußischen Königs in Paris. Geplanter Ball zu seiner Rückkehr und Anwesenheit der CdS. Erkenntnis der CdS, dass ihr ihre Freunde und ihr Talent wichtiger sind. Besuch der Familie der CdS und geplante Rückkehr nach Paris. Bewusstsein, dass das Leben kurz ist.
3938		Brief	2022-10-27 09:46:43	C06/S43/259-260	1817-09-30	Salm, Constance de	Raboteau, Pierre Paul 	Bedauern ihres längeren Schweigens. Beschäftigungen der CdS: Besuch der Tochter, Druck des „Discours” und diesbezügliche Missverständnisse. Ankündigung eines Briefs mit weiteren Details. Unnötige und anstrengende Reise der CdS nach Düsseldorf, da der König schon abgereist war. Krankheit ihres Haustiers.
3939		Brief	2022-10-27 10:14:55	C06/S43/268-270	1817-10-16	Salm, Constance de	Raboteau, Pierre Paul 	Mehr Ärger durch den „Discours” als durch jede andere Schrift. Unzufriedenheit mit Bericht des Raynouard und der Verzögerung ihres Drucks. Verstimmung über Drais und Barbier, die aus Freundschaft für CdS den Druck verhindern wollten. Missbrauch des Vertrauens eines Schriftstellers. Ärger der CdS beschleunigt die Angelegenheit. Warten auf Fertigstellung und Zweifel am Fortschritt der Angelegenheit. Unzufriedenheit mit Drais. B. war sehr beschäftigt und hat sich auf Drais verlassen. Geänderte Meinung des B. Bitte um Verschwiegenheit und Frage nach Meinung des R. Wille, die Schrift zu drucken, weil ihr Name genannt wurde. Zusendung der Schrift an zwei Zeitschriften. Überzeugung, dass das Urteil des Publikums anders ausfallen wird als das der Académie. Ein echter Freund hätte in dieser Angelegenheit anders gehandelt. Zufriedenheit mit M. Naigeon, der sich fortan um diese Angelegenheit kümmern soll. Zufriedenstellender Fortschritt ihrer Angelegenheiten in Deutschland ist eine Seltenheit seit ihrer Hochzeit. Große Ausgaben, verschiedene Ereignisse, Mangel an Erfahrung. Heute kann CdS Ursache und Wirkung beurteilen. Bedürfnis der CdS und des SRD nach Ruhe. Verschiedene Unterbrechungen bei Niederschrift des Briefs. Nicht-Teilnahme der CdS bei Feier für die Schlacht von Leipzig.
3940		Brief	2022-10-26 12:18:20	C06/S43/293-295	1817-12-01	Salm, Constance de	Raboteau, Pierre Paul 	Sorge des R. aufgrund des längeren Schweigens der CdS. Bedrohlicher Gesundheitszustand des Schwiegersohns der CdS und Ratlosigkeit bezüglich seines Leidens. Besuch der Familie der Tochter der CdS. Verschiedene Beschäftigungen der CdS als Entschuldigung für langes Schweigen (Arztbesuche, Besuche, Unterbrechung ihrer Gewohnheiten etc.). Krankheit des Ponce. Tod des Clavier. Zuerst missverständliche Annahme der CdS, Thurot sei verstorben. Andauernde Unannehmlichkeiten um den „Discours” trotz Nichtigkeit der Angelegenheit und Unklarheiten. Wertvolle Hilfe des Ponce im Vergleich zu allen anderen. Ankündigung, bei ihrem nächsten Parisaufenthalt Licht in die Sache zu bringen. Freude über spirituelles Bulletin des R. und Gesang eines seiner Lieder. Die Familie Hompesch als einzige Menschen in diesem Land, die zu so etwas Zugang haben. Hompesch ist für CdS eine Verbindung mit Paris, da er ihre dortigen Freunde kennt. Charakter und Gegensätzlichkeit des Ehepaars Hompesch. Deren langes Leben auf dem Land hat ihren Gesellschaftskreis verringert. Lob der Schriften des R. und deren Erfolg in Dyck. Ankündigung, dass R. kommenden Winter SRD sehen wird. Neuer Hund der CdS.
3941		Brief	2022-10-25 14:05:18	C06/S43/315-316	1817-12-21	Salm, Constance de	Raboteau, Pierre Paul 	CdS verpasste einen Artikel über Raboteau trotz regelmäßiger und gründlicher Zeitungslektüre (6–8 pro Tag) durch Aufenthalt in Aachen. Verse: Freude über die positive Rezeption des R. Warten auf das Bulletin. Schneller Fortgang des Lebens in Dyck. Pressefreiheit in Frankreich. In Deutschland gibt es sie, es wird darüber nicht nachgedacht. Brabanter Zeitungen machen davon viel Gebrauch. Vergleich mit dieser Situation beschäftigt die Leute auf dem Land. Bizarre Situation des Zuschauers. Beruhigung der Leidenschaften, die Leute beziehen weniger Position. Dadurch todesähnlicher Zustand. Wichtigkeit, eine Meinung und eine Position zu haben. Einfluss des Alters der CdS und entmutigende Zufriedenheit. Abschweifende verschiedene Gedanken der CdS. Krankheit des L.B. Francq. Ende des Briefs, da CdS sonst in zu philosophische Gedanken verfällt.
3943		Brief	2022-10-27 13:10:35		1818-04-03	Salm, Constance de	Raboteau, Pierre Paul 	Satirisches Gedicht der CdS als Antwort auf das „Bulletin“ vom 17. März 1818: Strophen nach Themen gegliedert: Marie-Françoise Manson (Fualdès Affäre); Winfried Regnault (Revision des Prozesses); Politik; Dichtung; Paris, Theater; mit Grüßen aus Dyck.
3944		Brief	2022-10-27 12:28:34	C06/S43/367-369	1818-06-01	Salm, Constance de	Raboteau, Pierre Paul 	Zusammentreffen des Drais mit Duval. Ältere Bitte der CdS an Duval, ihre Schrift im „Mercure“ zu besprechen. Gute Gründe der CdS, sich auf die Angelegenheit um ihren „Discours“ zu versteifen, seitdem hat sie sich aber beruhigt. Gleichgültigkeit der CdS durch verstrichene Zeit und Beschäftigung mit einem anderen Werk. Wunsch der CdS, dass dieser Artikel bald erscheint. Falls dafür zu viele Anfragen nötig sind, soll D. es dabei belassen. Widerwillen der CdS, im Vordergrund zu stehen, wenn der Erfolg unklar ist. Glückwünsche zum Erfolg seines Bruders. CdS verfolgt die Triumphe ihrer Freunde aus der Ferne. Ihr Bild wird dadurch nicht von den Nebenwirkungen getrübt, die Erfolge oft begleiten.
3945		Brief	2022-10-27 12:28:34	C06/S43/330-333	1818-01-03	Salm, Constance de	Raboteau, Pierre Paul 	Verse der CdS zum Jahreswechsel. Schnelle und nicht gute Verse als Antwort auf schöne Verse des R. Briefe wiegen ein persönliches Gespräch mit Freunden nicht auf. Trotzdem große Freude der CdS bei Empfang von Briefen ihrer Freunde. Fortsetzung des Briefs nach Unterbrechung durch Krankheit und verschiedene Beschäftigungen. Grüße an gemeinsame Freunde. Artikel über den „Discours sur l'étude” in den „Annales” von Millin und im „Journal de Paris”. Vergessen dieser Angelegenheit durch Arbeit an einem neuen Werk. Ablenkung von moralischem und physischem Leiden der CdS auf dem Land. Krankheit und Leiden des L.B. Francq und daraus entstehende Belastungen. Warten auf schönes Wetter. Zusammentreffen des SRD mit Hardenberg in Koblenz und Hoffnung auf Klärung ihrer Position. Nur durch die so erlangte Ruhe kann CdS sich guten Gewissens entfernen. Briefe Lantiers, in denen er von seinem bevorstehenden Tod schreibt. Tod des Clavier. Trauer der CdS über schrumpfenden Freundeskreis. Durch ihre Abwesenheit können Verluste nicht ersetzt werden. Briefe mit Versen von und an Lantier und Sorge um Lantier bei ausbleibender Antwort. Häufiger Briefwechsel mit Ponce. Wiederaufnahme der Mittwochstreffen zusammen mit SRD. Ehrwürdige Erscheinung des SRD. Lebhaftigkeit der CdS. Dank für Bulletin, Verse und Lieder des R. Nachtrag: Ungeordneter und mehrfach unterbrochener Brief.
3946		Brief	2022-10-27 12:28:34		1818-06-00	Salm, Constance de	Raboteau, Pierre Paul 	Versendung eines Abschiedsrings (Tradition zwischen den Freunden der CdS).
3947		Brief	2022-10-27 13:09:40	C06/S43/385-386	1818-08-12	Salm, Constance de	Raboteau, Pierre Paul 	Mehr Zeit zum Briefeschreiben während eines Aufenthalts in der Stadt. Die Anwesenheit wichtiger Personen zieht viele Menschen an. Aachen ähnelt momentan einer Großstadt wie Paris. Anwesenheit von Damen, Fräulein, Gaunern etc. Starke Erhöhung der Mietpreise. Bedarf der CdS und SRDs: 4 Zimmer und 4 Zimmer für das Personal. Probleme der CdS mit ihrer gewöhnlichen Mietwohnung. Auflösung des Mietverhältnisses, das über einen Hauptmieter bestand. Geldgier des Vermieters, des Grafen Belderbusch, und diesbezügliche Auseinandersetzung. Im letzten Moment vereitelter Kauf eines Hauses. Die Tochter der CdS wartet währenddessen auf sie. Krankheit des L.B. Francq. Zusendung einiger Strophen der CdS an Ponce, die vor dem Athénée des arts vorgetragen werden. Beschäftigung der CdS mit ihrem Hund.
3948		Brief	2022-10-27 12:40:43	C06/S43/387-389	1818-08-17	Salm, Constance de	Raboteau, Pierre Paul 	Freude über Bulletin des R. Zweiter Prozess der 'Affaire Fualdès'. Tod des ältesten Sohnes des Hompesch durch Ertrinken. Die Familie erfährt von dem Tod durch einen zurückgesandten Brief mit dem Stempel „verstorben”. Mangelnde Menschlichkeit. Zweiter Todesfall des Jahres in der Familie Hompesch. Nur noch 2 von 6 Kindern leben, einer davon ist Soldat. Anteilnahme des Landes. Bericht über Beerdigung im „Journal de Liège”. Häuserkauf der CdS in Aachen. Besitz eines Hauses in einem Land, wo sie ihr ganzes Leben sein wird, gibt CdS Rückhalt. Finanzierung durch Verkauf eines Parisers Hauses. CdS als Bürgerin Aachens. Trost durch diese Idee in Dyck. Wiederbelebung durch Aufenthalt in der Stadt. Aachen als französische Stadt mit vielen Fremden. Dadurch Gewöhnung der Bewohner an verschiedene Lebensarten, die jedem selbst überlassen bleiben, und Gefallen der CdS. Bedürfnis der CdS nach ihren Gewohnheiten, die sie in ihrer vorigen möblierten Wohnung nicht hatte. Anwesenheit vieler Bekannter. Gerüchte um den Prinzen August von Preußen und J. Récamier. Distanz der CdS zu diesen Rivalitäten. Möglichkeit, dass der Kongress nicht in Aachen stattfindet. Hoffnung auf ein Ende der teuren Mietpreise. Ankämpfen des L.B. Francq gegen seine Krankheit und seine mögliche Rückkehr nach Paris aus geschäftlichen Gründen. Freude der Tochter über die Rückkehr und Bedauern der CdS über diese Trennung. Bitte um schnelle Antwort des R.
3949		Brief	2022-10-27 12:29:13	C06/S43/394-396	1818-09-08	Salm, Constance de	Raboteau, Pierre Paul 	Verse. CdS hat vergessen, sich in ihrem vorigen Brief bei R. für sein Lied zu bedanken. Diesbezügliche Erklärungen und Entschuldigung. CdS hat ihre Strophen nicht extra für das Athénée des arts verfasst. Furcht der CdS, über Politik zu sprechen. Einfluss der Politik auf alle Bereiche und Schwierigkeit, ihr gleichgültig gegenüberzustehen. Verletztheit der CdS über Spott der Zeitungen über politische Frauen als Grund für ihre Scherze. CdS geht es um Gegenseitigkeit und nicht um Rechte, wie R. sagt. R. hat sie missverstanden. Unwichtigkeit dieser Schrift. Abreise ihrer Tochter und deren Mannes trotz seiner Krankheit. Geplante Reise der CdS nach Aachen und nach Paris. Verschiedene Besuche anlässlich des Geburtstags des SRD und Freude der CdS, wieder allein zu sein. Trauer der Familie Hompesch. Gesundheitszustand der CdS und Einfluss des Alters.
3975		Brief	2022-10-26 12:18:20	C06/S43/199-201	1817-06-14	Salm, Constance de	Raboteau, Pierre Paul 	Briefe des R. und ihrer Freunde als Lichtblick. Gesundheitszustand CdS‘. Anstrengende Umstellung. Wiederaufnahme der Arbeit und Anstrengungen. Bedürfnis nach Ruhe. Klarsicht und Erfahrung der Personen im Alter von CdS und R. durch Erleben unglücklicher Zeiten. Dieser Erfahrungsschatz geht verloren. Diesbezügliche Verse. Ruhige Zukunftsaussichten. Alter. Notwendigkeit, sich an Umstände und Gegebenheiten anzupassen. Neue Gelassenheit der CdS, was ihre eigenen Angelegenheiten betrifft. Aufregung des ersten Moments. Hoffnung auf reale Vorteile durch positiven Ausgang ihrer Angelegenheit und Wichtigkeit dieses Aspekts, wenn man im Ausland lebt. Bitte an ihre Freunde, nicht mehr davon zu sprechen. Ende des Witwerdaseins des R. Notwendigkeit der ehelichen Zweisamkeit. Warten des Comte Hompesch auf CdS. Häufiger Umgang mit H. Interesse der Mlle Dahmen für R. und sein Bulletin.
3976		Brief	2022-10-25 13:48:13	C06/S43/427-429	1819-05-14	Salm, Constance de	Raboteau, Pierre Paul 	Nachfrage und Anteilnahme an der Situation des R. Fußnote: Umzug des R. nach La Rochelle nach dessen Entlassung aus dem Ministerium vermutlich aufgrund seiner Vorliebe für Literatur. CdS hat ihm in vergleichbaren Situationen vertraut. Verbindendes Element zwischen CdS und R.: Entfernung von dem Land der Aufklärung. Erleichterung durch Korrespondenz. Trauer über Abreise aus Paris und Abgabe ihres Hauses an einen Fremden und Eindruck, als sähe sie dies alles zum letzten Mal. Virtuelle Grenze zwischen CdS und ihrem Land. Wunsch, dort zu bleiben, wo man bekannt und geschätzt ist. Schwierigerer Umgang mit solchen Situationen mit 50 als mit 25 Jahren. Bewusstsein der CdS, dass sie Vernunft und Ehre von ihrem Lebensideal entfernen. Eine nicht genannte Angelegenheit könnte CdS bis nach Dyck verfolgen und Zufriedenheit SRDs mit einem diesbezüglichen Brief. Absicht der CdS, sich in Dyck ein Leben nach ihrem Geschmack zu schaffen. Erinnerungen verderben ihr viele Freuden. Notwendigkeit, sich zu entscheiden, und gleicher Rat an R. Um 2 Tage verschobene Abreise aus Paris und Beschäftigung mit einer ärgerlichen Angelegenheit. Selbstverständnis der Pariser, die nicht wissen, wie anstrengend das viele Reisen und wie traurig der Abschied ist. Auf CdS bezogenes Sprichwort: Alte Bäume soll man nicht verpflanzen. Voraussage, dass R. sich in La Rochelle einleben wird. Die Begeisterung der Pariser für „L'esprit de parti” sieht man anders, wenn man abgereist ist. Wiedergefundenes Bedürfnis nach öffentlicher Ordnung. Frage zur Position des R. Ruhige Niederschrift dieses Briefs. Unsicheres Wiedersehen zwischen R. und CdS und Hypothese eines Besuchs der CdS in La Rochelle.
3977		Brief	2022-10-26 07:01:57	C06/S43/410-411	1818-12-06	Salm, Constance de	Raboteau, Pierre Paul 	Belastungen der CdS durch den Kongress in Aachen: Unterbrechung ihres ruhigen und arbeitsamen Lebens, traurige Situation ihrer Tochter, Annahme von Einladungen und Ausrichten von Abendgesellschaften, unvorhergesehenes Ereignis. Die so gewonnenen Vorteile gleichen die Belastungen nicht aus. Hohe finanzielle Ausgaben. Rückkehr nach Dyck, wo verschiedene Aufgaben auf CdS warten. Abreise nach Paris im Januar, um ihrer Tochter zu helfen. Befürchtung, dass sie L.B. Francq nicht mehr wiedersehen wird. Reise mit Unterbrechung in Brüssel aufgrund einer dort zu erledigenden Angelegenheit.
3978		Brief	2022-10-27 13:09:40	C06/S43/402-403	1818-10-13	Salm, Constance de	Raboteau, Pierre Paul 	Briefrückstand der CdS durch verschiedene Beschäftigungen seit ihrer Ankunft in Aachen: Bekanntschaften, Vorstellungen, Bälle, Besuche etc. Zusendung einiger Strophen, die R. nur den Lachabeaussière zu lesen geben soll aufgrund der anstehenden Veröffentlichung im „Almanach des Muses” und der Lektüre im Athénée des arts. Verhinderter Ballonaufstieg der E. Garnerin. Ballonaufstieg (?) des Königs. Ärger der Garnerin angesichts eines erfolgreichen Aufstiegs W. Reichards. Vorrang Frankreichs in diesem Bereich. Gesang der Mme Catalani. Von M. Lachabeaussière empfohlener Violinist.
3979		Brief	2022-10-27 10:05:33	C06/S43/444-446	1819-07-20	Salm, Constance de	Raboteau, Pierre Paul 	Verzögertes Antwortschreiben aufgrund einer „foule de malheurs“, ihre Hausangestellten betreffend: Schwere Krankheit des Sekretärs Ravelli, dessen Familie gegenüber CdS ein schlechtes Gewissen hat. Gesundheitszustand der CdS. Krankheit einer weiteren Hausangestellten der CdS. Überdies Scherereien mit einem Knecht, den sie wegschicken musste. Beschwerliches Leben der CdS. Arbeit am Roman [„24 heures“?]. Literarische Neuigkeiten aus Paris: Discours von Lemontey. Ausführungen über Gewohnheiten, die man im Alter nur noch schwer ändern kann. Anspielungen auf ihr Wohlbefinden und das Leben an den zwei Orten (Paris/Dyck). Vergleich des Stadtlebens mit dem Leben in einem Schloss, in dem CdS die Anregungen von außen fehlen. Gesundheitszustand Mlle Raboteaus. Bedauert, keine Briefe von Langlès und Thurot zu erhalten. Erwähnt den Besuch von Prinz Wilhelm I., der sie zum Essen eingeladen hat.
3980		Brief	2022-10-27 12:28:34	C06/S43/458-460	1819-10-04	Salm, Constance de	Raboteau, Pierre Paul 	Schweigen der CdS durch Unmöglichkeit, echten Freunden kurze Briefe zu schreiben. Anstrengendes und langsames Abfassen langer Briefe. Freude über gute Neuigkeiten des R. Schlechter Gesundheitszustand der Mme Raboteau. Wiederaufleben des R. durch seine Enkelkinder und ähnliche Situation der CdS. Anstrengende Sorge und Überwachen und Zukunft der Enkel. Verbergen ihrer Zuneigung. Lob der Verse des R. und Bitte um vollständige Zusendung. Unzufriedenheit der CdS mit ihren Versen über eine stehen gebliebene Uhr trotz einiger guter Strophen. Abschrift dieser Verse. Fortsetzung und Korrektur des Briefs. Zufriedenheit des R. und der CdS mit den Pariser Freunden. Diesbezüglicher Kummer oft nur durch verspätete Briefe. CdS als Fremde in ihrem Land könnte sich nie an dessen Gleichgültigkeit gewöhnen. Freunde als wirkliches Heimatland. Zuneigung für das Land, in dem sie wohnt, durch dortige Bekanntschaften. Andere Bekanntschaften als in Paris, aber diese passen zu ihrem Alter. Unnötige Sorge ihrer Freunde trotz manchmal berechtigter Melancholie der CdS. Anspielung auf einen echten Kummer. Entschluss der CdS, aus Dyck ihren Hauptwohnsitz zu machen und dadurch Bestreben, die Gärten so elegant wie in Frankreich umzuorganisieren. Arbeit des englischen Gartenarchitekten Blaikie. Dadurch Änderung des „barbarischen” Eindrucks. Lustige Vorstellung eines Lebens in einem Schloss à la Radcliffe. Angenehmeres Wohnen in einem Umfeld, das man seit der Kindheit gewohnt ist. Positives Urteil über M. Blaikie, der auch das Geburtshaus der CdS und ihre Familie kennt. 6 Nationalitäten in Dyck. Genesung und Faulheit des M. Ravelli. Bitte der CdS, nicht Ponce (der ihn vermittelt hat) zu verraten, dass sie Ravelli loswerden will. Fertigstellung des Briefs nach erneuter Übersetzung.
3981		Brief	2022-10-27 13:09:40	C06/S43/499-503	1820-03-03	Salm, Constance de	Raboteau, Pierre Paul 	Wunsch, Punkt für Punkt auf Brief des R. zu antworten. Schwierigkeit der Veröffentlichung einer Schrift durch große Entfernung. Schrecken und Unglauben über die Ermordung des Duc de Berry. Schrecken ihres Lebens im Vergleich zur Generation der Väter. Zufriedenheit über den Druck ihrer Schrift bei Arthus-Bertrand und dadurch Entlastung ihrer Freunde. Interesse des Verlegers, die Schrift mehr anzukündigen, als von CdS gewollt. Vorteile der durch diese Veröffentlichung in Frankreich erworbenen moralischen Position in Deutschland als Preis für Kritiken. Vorteile der Geistesarbeit. Bevorzugung des letzten Teils der Schrift. Bitte um Zusendung von Artikeln über diese Schrift. Wichtigkeit, über alles informiert zu sein. Schwierigkeit, für ihren Roman in Prosaform zu schreiben. Rs Erwähnung einer Schrift der CdS im „Almanach”. Anonymer Brief eines Mitglieds der Académie de Nancy als Erwiderung auf eine Schrift („Discours sur la richesse de la rime”) in Versform. Verärgerung der CdS bei Abfassen der Schrift über den Ton ihrer Gegner. Wichtigkeit der Umgangsformen bei einer Diskussion. Zusendung ihrer letzten Schrift an ihre Gegner. Ärgerliche Angelegenheit: Ihr Gegner soll nicht denken, dass sie durch ihn die Schrift veröffentlicht hat. Zufriedenheit der CdS mit ihrer Vorgehensweise. Verzögerung der Angelegenheit durch Gerede. Warten auf Meinung ihrer Freunde. Meinung mancher Leute: Wer einen Vorteil hat, sollte sich darauf beschränken. In diesem Fall wäre CdS eine „grande dame“ geblieben und hätte sich nicht mit Literatur beschäftigt. Talent als größte Qualität der CdS. Schwierigkeiten der Anerkennung talentierter Frauen. Offene Haltung Rs oder La Chabeaussières. Krankheit eines Mitglieds der Familie des Letzteren und Korrespondenz zw. ihm und CdS. Stockende Korrespondenz mit vielen anderen Freunden aufgrund deren vielseitiger Beschäftigungen. Gezwungenes Verständnis der CdS. Tod des Sobry. Durch Entfernung, Alter und Tod ihrer Freunde Desillusionierung der CdS von Paris. Erkenntnis im Alter: Möglichkeit eines glücklichen Lebens fern vom Wahn der Stadt Paris. Unerwartete Vorteile eines ruhigen Lebens. Anpassung als größte menschliche Stärke und diesbezügliche Übereinstimmung mit R. Bevorstehende Abreise der Tochter der CdS. Unklarer Auszug des Botschafters aus Pariser Wohnung der CdS. Arbeit hält CdS in Dyck fest. Schwieriger Charakter des Landes als Grund, nicht aufzugeben. Gedicht der CdS über schwierige Leute. Unbeabsichtigte Länge des Briefs. Freundschaftsbekundung. Schwer lesbare Schrift. Schmerzen der CdS. Unwille, sich zu behandeln zu lassen, und Vertrauen auf Ernährung und Bewegung. Tod der Mme Potier.
3982		Brief	2022-10-26 07:01:57	C06/S43/556-560	1820-05-20	Salm, Constance de	Raboteau, Pierre Paul 	Unterbrechung des Briefs durch lange Krankheit der CdS. Gute Aufnahme ihrer „Epîtres à un honnête homme“, wie er aus den Zeitungen ersehen kann. Die vielen Reaktionen haben CdS allerdings anschließend dazu verpflichtet, sich an die entsprechenden wichtigen Personen zu richten. CdS stimmt nicht in allen Punkten mit der Kritik Raboteaus an ihrer Epître überein und rechtfertigt sich für bestimmte Aspekte ihres Werks. Zählt die Zeitungen auf, die ihre Epître besprochen haben: „Journal de Paris“, „Le Censeur“, „L’Indépendant“, „Le Mémorial“, „Les Archives“, „Le Conservateur“. Bittet Raboteau um Neuigkeiten aus seinem Leben. Im „Journal de Paris“ sind auch Verse von ihm besprochen worden („à votre papier blanc“). Korrespondenz mit de la Chabeaussière. Gesundheitszustand und Altern der CdS. Gemütszustand der CdS, die die langen Reisen nach Paris und wieder zurück als immer beschwerlicher empfindet. Aufenthalte in Paris bereiten ihr mittlerweile mehr Pein als die Zeit in Dyck. Vergleicht das Leben in Paris bzw. den Aufenthalt dort mit einem Theaterbesuch, der den Geist erfrischt. Das Schreiben in Dyck verbindet sie mit dem Universum. Fürchtet um ihr zukünftiges Leben in Paris und ihren Freundeskreis, den sie auf die Entfernung nur schwer aufrechterhalten kann. Erwähnt Aufenthalt Minettes in Dyck. Aufenthalt eines Engländers, Blaikie, der die Gartenarbeit erledigt und mit dem Minette anscheinend die Rückfahrt antreten will. CdS soll sich um ihr drittgeborenes Enkelkind kümmern. Erwähnt ihr unliebsame Kontakte ihrer Tochter mit „einer gewissen Person“ in Paris. CdS sorgt sich um das Leben und die Zukunft der Tochter, die Witwe ist. Beneidet Raboteau darum, so nah in Kontakt mit der Kunst zu sein, denn ihr fehlt die Anregung. Ist besorgt um den Gesundheitszustand der Mme Raboteau. Erwähnt den Besuch eines berühmten „Gastes“, der inhaltlich offensichtlich in einem Zusammenhang mit ihrer Epître steht.
3989		Brief	2022-10-26 12:12:49	C01/S04/059-066	1821-02-08	Salm, Constance de	Raboteau, Pierre Paul 	Wiederaufnahme der Korrespondenz nach einem halben Jahr Krankheit. Unterstützung durch SRD, die drei Enkelkinder und Freunde. Beschreibung der Wahnvorstellungen der CdS während ihrer Krankheit. Milderung durch den sich ankündigenden Frühling. Bitte an R., die Briefe zu verbrennen, die sie ihm in dieser Zeit geschrieben hätte. Frage, ob er noch Klärungsbedarf hat – u.a. da die französische Presse über das Drama ausführlich berichtet hatte („Journal de Paris“, „Moniteur“), und das „Journal des débats“ falsche Informationen enthalten hatte, da es diese aus einer deutschen Zeitung ohne Prüfung übernommen hatte. Geschichte einer Wahrsagung durch Handlesen im Sommer 1819 (Aussage eines Botanikers aus Bonn). Bei Minette wurden Briefe des Althoff gefunden, die zwei gewaltsame Erpressungsszenen bezeugen. Er soll zudem das Gerücht verbreitet haben, dass CdS und Minette in eine Heirat nicht einwilligten aus Hass gegen das Militär, die Protestanten und die Preußen usw. Fortsetzung 13. Februar: Erneute Anfälle der CdS bei der Erinnerung an die Tragödie. Version der CdS über die Erinnerung an die Zeit vor dem Tod der Minette und die Intrigen des Althoff. Einträge aus dem Journal der Minette, welche dessen Drohungen bezeugen. Althoff erlangte das letzte Treffen unter einem Vorwand. Vorheriger Brief der Minette an die Frau des Oberst (?), die ihr empfiehlt, CdS zu informieren. Befürchtungen der CdS und des SRD, die Minette ermutigten, Dyck zu verlassen und Abstand von Althoff zu halten. Beschreibung der Tragödie, wie CdS sie vor Ort erfahren hat. Frage, ob sie die Wahrheit für die Öffentlichkeit drucken lassen sollte? Journal der Minette ist nun in ihrem Schreibtisch aufbewahrt.
3990		Brief	2022-10-26 07:01:57	C06/S47/032-034	1821-04-17	Salm, Constance de	Raboteau, Pierre Paul 	Keine Erwähnung des traurigen Ereignisses. Ständiger Wunsch, die Hintergründe des Todes zu erklären. Verletzter Stolz des Täters. Seine Beziehung zur Familie Salm/Francq. CdS als alternatives Opfer. Langgehegter Plan des Täters. CdS lebt für ihre Enkel. Fortsetzung: Es geht CdS besser. Frühling. Gesundheitszustand. Misstrauen gegenüber Medizin. Enkel. Plan der ersten Reise nach Tod Minettes. Ziel: Aachen. Neue Épître („De l'esprit du temps”). Künftige Entwicklung Europas. Zitat aus Épître. Besuch auf Dyck.
3991		Brief	2022-10-26 07:01:57	C06/S47/037-038	1821-07-08	Salm, Constance de	Raboteau, Pierre Paul 	Danke für Brief. CdS' Trauer. Gesundheitszustand (Probleme mit der Leber). Ihre Enkel. Versuche, das Geschehene zu begreifen.
3992		Brief	2022-10-26 11:52:38	C06/S47/053-054	1821-12-22	Salm, Constance de	Raboteau, Pierre Paul 	Langsame Besserung ihres Gesundheitszustands. Reise nach Aachen und Paris. Trauer. Zwei Todesfälle in ihrem Freundeskreis. Enkel reisen mit nach Paris. Gemeinsame Bekannte. Er soll alles verbrennen, was sie über ihre Familie schreibt.
3993		Brief	2022-10-19 09:00:30	C11/S84/018-019	1822-03-29	Salm, Constance de	Raboteau, Pierre Paul 	Beschreibt einen Zustand der seelischen und gesundheitlichen Krise, die ihr Antwortschreiben verzögert hat. Deutet an, dass sie sich in ihrem Haus in Aachen nur schwer zurückziehen kann, da ihre „Entourage“ sie immerzu abzulenken versucht. Bedürfnis nach Ruhe. Plan, nach Paris zu fahren.
3994		Brief	2022-10-27 13:09:40	C11/S84/031-033	1822-07-12	Salm, Constance de	Raboteau, Pierre Paul 	Sendung an Drais. Legt dem Schreiben eine Kopie bei [die vermutlich Informationen zum Tod der Tochter enthält, da CdS auf keinen Fall darüber sprechen will]. Seelische Krise und schlechter gesundheitlicher Zustand der CdS. Erträgt die vielen gesellschaftlichen Zerstreuungen in Aachen nicht (Besuche von Mme Tallien, Prinzessin de Chimay, der Königin von Schweden und Prinz Oskar und vieler weiterer vornehmer Persönlichkeiten, sodass sich CdS fast wie in einer richtigen Hauptstadt fühlt). Ihr Haus wird zweimal pro Woche zum Sammelpunkt der hohen Gesellschaft. Erschöpfung der CdS, will trotz der schmerzenden Erinnerung nach Dyck, um wieder Kräfte zu sammeln. Zeigt sich angetan von Bildung und charakterlichen Eigenschaften des Prinzen Oskar. Musikalische Kompositionen des Prinzen zu den Werken der CdS. Fortsetzung des Briefs in Dyck. Gewöhnung an die Aufteilung ihres Lebens auf die Orte Paris, Dyck und Aachen, obwohl Dyck sie immer an das „schlimmste Unglück“ erinnern wird. CdS ist erleichtert, wieder eine wie auch immer geartete Zukunft vor sich zu sehen. Bittet Raboteau um Neuigkeiten aus seinem Leben. Die Königin von Schweden hat sich in ihr Album eingetragen. Gesundheitszustand der CdS. Betont, wie wichtig ihr ihre Enkelkinder sind, die sie „mes chers enfants“ nennt.
3996		Brief	2022-10-26 08:37:26	C05/S34/151-155	1822-12-25	Salm, Constance de	Raboteau, Pierre Paul 	Gesundheitszustand der CdS. Seelische und körperliche Niedergeschlagenheit der CdS, die all ihre Kräfte in Anspruch nimmt und sie daran hindert, ihre Kontakte und Freundschaften besser zu pflegen. Beschreibt ihre körperlichen Beschwerden. Kündigt baldiges Aufbrechen nach Paris an, u.a., um die dortigen Ärzte zu konsultieren. Bringt ihre körperlichen Beschwerden in Zusammenhang mit ihrem emotionalen Zustand. Will einige Monate inkognito in Paris bleiben, um Freunde zu sehen und um wieder zu sich zu finden. Möchte ihren Freunden den Bericht über den Tod der Tochter zu lesen geben, um sie über alle Details des großen Unglücks zu unterrichten. Hat den Bericht bereits an die Prinzessin von Thurn und Taxis geschickt. Will in Paris weitere Kopien der Schriftstücke über den Tod der Tochter anfertigen. Ihre Enkelkinder können sie über das große Unglück kaum hinwegtrösten. Hat das Jahr abwechselnd in Aachen und auf Dyck verbracht, wo ihr die Aufenthalte recht angenehm sind. Hat in Aachen ein Haus gekauft, in dem sie Besucher empfängt, zumindest so lange Dyck einen so unguten Einfluss auf sie hat. Will wie früher die Winter in Paris verbringen. Verärgerung über den Umzug in Aachen und die terminliche Planung, die die Abfahrt nach Paris verzögert. Angelegenheiten mit den Pariser Mietern der zweiten Etage ihres Hôtel particulier [unklar]. „Sapho“ ist in der Oper gespielt worden. CdS findet, dass das Lob für sie und Martini etwas sparsam ausgefallen ist [es scheint sich aber nicht um ihre „Sapho“ gehandelt zu haben, da sie sich zufrieden zeigt, dass diese „Sapho“ keinen großen Erfolg gehabt hat]. Bedauern über den Weggang Raboteaus aus Paris. Möchte den Brief, den sie einer deutschen Angestellten diktiert hat, nicht noch einmal lesen und warnt vor eventuellen Rechtschreibfehlern.
3997		Brief	2022-10-27 12:29:13	C11/S84/074-077	1823-03-20	Salm, Constance de	Raboteau, Pierre Paul 	Gesundheitszustand der CdS, der es ihr nicht gestattet, selbst zu schreiben. Emotionale Niedergeschlagenheit der CdS. Hat ihren Freunden die verschiedenen „authentischen“ Schriftstücke zum Tod ihrer Tochter zu lesen gegeben. Die Anteilnahme der Freunde hat ihr Leiden etwas erleichtert. Während ihrer vierjährigen Abwesenheit sind viele Dinge liegen geblieben, wie der Verkauf des Pariser Hauses. Deutet starke Konzentrationsschwierigkeiten beim Schreiben und Einschränkung ihrer Sehkraft an und entschuldigt sich für den Anfang des Briefs. Konsultation von vier Ärzten. Findet Anteilnahme und Trost bei ihren Freunden. Abreise von Paris in zehn Tagen. Lesung ihrer Verse im Athénée des arts durch Ponce und Mirault. Weitere Neuigkeiten von gemeinsamen Freunden bzw. Bekannten. Abendgesellschaften bei CdS. Seelische Unruhe der CdS, die die gegensätzlichen Empfindungen zwischen Glück und Unglück nicht miteinander vereinbaren kann. Ihre Enkelkinder machen ihr Glück aus. Ihre „réunions“ sind die gleichen wie früher, bis auf die „absents“ (Aufzählung ihrer täglichen Gäste). Schicksalsschlag von Barbier. Heirat des Langlès. Tochter Didots ist Mieterin der CdS. Anspielungen auf das Schicksal ihrer Tochter, deren Leben möglicherweise, so die Andeutungen der CdS, von einem zurückgewiesenen Verehrer beendet wurde. Wiedersehen der CdS mit ihrem Bruder. Wiedersehen auch mit einer offensichtlich bedeutungsvollen Person aus der Vergangenheit der CdS.
3998		Brief	2022-10-27 12:28:34	C09/S74/577-579	1823-04-23	Salm, Constance de	Raboteau, Pierre Paul 	Nachfrage wegen Schweigens des R. Dank für die angenehmen Verse des R. Tod des Girodet und Verse der CdS über dessen Tod. Langsames Absterben des Freundeskreises. Gleichgültigkeit der CdS für den Alltag, außer für die drei Enkelkinder und ihren Ehemann. Erziehung der Enkelkinder. Gemütskrankheit der CdS, Melancholie. Abwechslung durch Schreiben, u.a. ein Werk über Deutschland und die Deutschen. Gewaltsamer Tod des Courier und Gerüchte über dessen Umstände. Gute Nachrichten aus der Familie des Bruders der CdS. CdS hofft auf ein Wiedersehen mit R. in Paris.
3999		Brief	2022-10-27 12:28:34	C11/S84/120-123	1823-08-15	Salm, Constance de	Raboteau, Pierre Paul 	Gesundheitszustand der CdS, der ihr das Schreiben erschwert. Seelische und körperliche Niedergeschlagenheit durch die Rückkehr nach Paris. Zahlreiche Beschäftigungen in Paris nach vierjähriger Abwesenheit. Hat eine Art Arbeitsplan aufgestellt, um ihr restliches Leben noch sinnvoll auszufüllen. Schöpft Hoffnung für ihr weiteres Leben aus ihrer Familie, dem Schreiben und ihren Freundschaften. Gedanken über das Altern und den Verlust von Illusionen. Verse der CdS über das durch Schicksal zugefügte Leiden. Aufenthalt in Dyck mit den Enkelkindern. Der dortige Aufenthalt ist ihr angenehm. Geplante Reise nach Paris zu Beginn des Winters, wo sie wahrscheinlich ein Werk von sich drucken lassen will. Plan, einen großen Teil des Jahres in Paris zu leben, obwohl SRD in Dyck bleiben will, um sich ganz der Botanik zu widmen. Auch wenn CdS die Trennung von ihrem Mann fürchtet, zieht sie es vor, nicht von den mit Dyck verbundenen schlimmen Erinnerungen verfolgt zu werden. Eröffnet ihrem Briefpartner die persönliche Einsicht, dass ein Ehepaar auch an getrennten Orten leben kann, ohne dass dabei seine Liebe zueinander verloren geht. Bittet ihn dazu vertrauensvoll um seine Meinung. Altern und äußerliche Veränderung der CdS. Bitte um Neuigkeiten von Raboteau und Hoffnung, dass er ebenso ehrlich von sich schreiben möge wie sie selbst von sich.
4000		Brief	2022-10-27 10:14:55	C11/S84/148-150	1824-02-20	Salm, Constance de	Raboteau, Pierre Paul 	Verspätetes Schreiben der CdS aufgrund zahlreicher Umstände. Verkauf des Pariser Hauses an eine Kristallhändlerin des Palais-Royal. Wird noch sechs Wochen in Paris bleiben, um einen kleinen Roman drucken zu lassen [24 Stunden?]. Hat wieder angefangen zu arbeiten, findet jedoch, dass sich das Literaturmilieu sehr verändert hat. Alles ist nur noch pure Spekulation, das Idealschöne scheint nicht mehr zu existieren etc. Reaktionen der Freunde auf diese Veränderungen. Arbeitet an Versen gegen die Romantiker, die im „Mercure“ erscheinen sollen. Bittet um Neuigkeiten Raboteaus, dessen Sohn in Paris ist. SRD ist auf dem Land geblieben. Zu Bällen in Paris, an denen CdS nicht teilnimmt. Beklagt die Verringerung ihres Freundeskreises. Bedauern über den Tod von Mme Amaury Duval und von Langlès. Hat über den Letzten verschiedene Dinge gehört, die ihre Sympathie für ihn offensichtlich einschränken.
4001		Brief	2022-10-27 10:14:55		1824-03-09	Salm, Constance de	Raboteau, Pierre Paul 	Wegen des schlechten Wetters und der Krankheit ihrer Sekretärin hat CdS Zeit, auf Rs Brief zu antworten. CdS‘ Feststellung, dass sie sich vermutlich nie vom Tod ihrer Tochter erholen wird. Diagnose der Ärzte: Nerven- bzw. Gemütskrankheit, die eng mit einer Magenkrankheit (bzw. Verdauungstrakt) verbunden ist. Sie braucht Erholung auf dem Land, deswegen wird sie Paris bald verlassen. Depressionen. Reflexionen über das Alter. Leben aufgeteilt zwischen Paris und Aachen sowie Dyck, wenn sie es dort wegen der Erinnerungen ertragen kann. CdS freut sich auf Besuch des Sohnes des R. [der seine Frau verloren hat]. Besuch der Frau de La Chabeaussière, die sich vom Tod ihres Ehemanns anscheinend erholt. Beschreibung des neuen Freundeskreises („Feuillet gros et gras, Daru qui ne me plaît qu’à moitié, Carrion Nisas, qui improvise toujours“). Empfang am Donnerstag. Oberflächlichkeit der Konversationen, Generationswechsel. Letzte Publikation der Mademoiselle [Delphine] Gay, Beurteilung der CdS von deren Talent. Publikation der letzten Verse [= „Stances sur le romantisme“?] der CdS in „Le Moniteur“ mit Fehlern, das „Journal de Paris“ veröffentlicht sie aber ohne Fehler.
4002		Brief	2022-10-27 10:05:33	C05/S34/164-165	1824-05-03	Salm, Constance de	Raboteau, Pierre Paul 	Gesundheitszustand der CdS hindert sie daran, selbst zu schreiben. Hat Raboteau ihren Roman geschickt [vermutlich 24 Stunden]. Großer Erfolg ihres Romans, mit dem sie selbst nicht gerechnet hätte. Rezeption ihres Werks durch die Presse. Abreise von Paris in zwei Wochen. Beschreibt die positive Wirkung des Paris-Aufenthalts auf ihre Gemütslage, wenngleich sich bei ihr auch eine gewisse Melancholie fest installiert hat. Bedauern, dass Raboteau nicht mehr zu den Mardis kommen kann. Gedanken über das Altern. Hat über Marron Neuigkeiten über den Sohn Raboteaus erfahren. Wiederholt ihre Einladung an seinen Sohn.
4003		Brief	2022-10-27 10:05:33	C05/S34/170-172	1824-11-16	Salm, Constance de	Raboteau, Pierre Paul 	CdS ist nach wie vor nicht in der Lage, eigenständig zu schreiben, trotz langsamer Besserung ihres Gesundheitszustands. Hat den ganzen letzten Sommer auf Dyck verbracht. Schwierigkeiten, in Paris eine Wohnung zu finden, nachdem CdS ihr Haus dort verkauft hat. Hat eine Wohnung in der Rue Richer No 3bis gemietet. Nimmt ihre Kontakte zu Bekannten der Musikszene wieder auf. SRD ist mit einem Teil der Familie auf dem Land geblieben. Zweite Ausgabe ihres Romans [wahrscheinlich „24 Stunden“]. Erwähnt einen Prozess, den sie mit den Erben eines M. P. wegen ihrer Enkelkinder gehabt hat [Erben des ersten Ehemanns von Minette?]. Hat zwei Werke in Vorbereitung, die sie auf dem Land schreiben möchte. Obwohl sie das Land/Dyck wenig mag, schätzt sie die dortige Ruhe und Erholung, die es ihr gestatten, zu arbeiten. Freundschaft mit Césarini, der sie nach Dyck begleiten wird. Ein Neffe des SRD lebt jetzt bei der Familie, die insgesamt ihre neue Existenz ausmacht. Neuigkeiten aus dem alten Freundeskreis. Erfolg der Tochter von Mme Gay. Junge Autoren im Umkreis der Damen Gay (?). Neuigkeiten vom Sohn Raboteaus durch Marron. Bittet um Neuigkeiten von Raboteau und seiner Familie.
4069		Brief	2022-10-26 07:04:31	CdS/02_3/110-111	1825-04-23	Salm, Constance de	Raboteau, Pierre Paul 	CdS‘ Schmerzen in der Hand und die große Anzahl der unbeantworteten Briefe (33) als Grund für ihr Schweigen. Dank für die Verse des R. Zusendung des Girodet-Nachrufs an R. Beschäftigung der CdS mit einem Werk über Deutschland („ce sujet est une véritable mine d’or…jamais … exploitée“). Geringe Kenntnisse der Franzosen über ihre deutschen Nachbarn. Oberflächlicher Blick der Madame de Staël auf Deutschland.
4071		Brief	2022-10-27 10:14:55	C11/S84/028-030	1822-07-11	Salm, Constance de	Barbier, Antoine-Alexandre	Unklarheit, ob sich ihr Gesundheitszustand verbessert. CdS geht wieder unter Leute, danach jedoch starke Erschöpfung. Ähnlicher ständig wechselnder Geisteszustand. So lange wie möglich aufgeschobener Aufenthalt in Dyck aufgrund der Erinnerungen. Absicht der CdS, den Winter in Paris und den Sommer immer in Dyck zu verbringen. Anwesenheit der schwedischen Königin, des Prinzen Oskar und des Gefolges in Aachen. Freundlicher Empfang der CdS, des SRD und der Enkel durch die Königin. Sehr positives Urteil der CdS über den Prinzen Oskar. Trost durch ihre Enkel. Glückliche Familie des B. Amalric sollte seine Tochter verheiraten. Freude auf Wiedersehen mit B., dem CdS viel zu erzählen hat. Nachfrage zur Meinung des B. zum Verhalten des russischen Kaisers, der zulässt, dass die Griechen umgebracht werden. CdS weiß nicht, in welcher Welt sie lebt. Beginn an einem diesbezüglichen Werk. Nicht bestätigte Annahme der CdS, dass Europa den Griechen helfen werde. Freude der CdS auf Winter in Paris. Lektüre der CdS („Cent-jours”, „le Rénégat”). Ankunft der Prinzessin Zarboriska. Interesse Fremder für Werke der CdS. Fortsetzung: Rückkehr nach Dyck. Schönheit des Landes, aber traurige Erinnerungen. Guter Artikel im „Journal des Débats” über ein Buch ihres Bruders. Ein von ihrem Bruder verfasster Roman, den er aufgrund seiner Position nicht veröffentlicht hat und der für das „Dictionnaire des ouvrages anonymes” des B. interessant sein könnte.
4072		Brief	2022-10-27 10:14:55	C11/S84/089-092	1823-05-21	Salm, Constance de	Barbier, Antoine-Alexandre	Ankunft in Dyck nach Besuch bei ihrem Bruder und Aufenthalt in Aachen. Freude über ihr neues Aachener Haus. Nur die Gespräche sind anders als in Paris, aber einige Personen, darunter M. Ritz, bieten Trost. Trauriger Eindruck von Dyck. Schöne Gärten. Besuche der Nachbarn, die sie oft bei der morgendlichen Arbeit unterbrechen. Fußnote: Dieser Brief muss überarbeitet werden und alle literarischen Vertraulichkeiten müssen verschwinden, da sie ohne Folge waren. Verbesserter Gesundheits- und Geisteszustand der CdS. Erinnerungen sind ein Teil von ihr, aber sie belasten sie nicht mehr ständig. Gute Arbeitsbedingungen in Dyck. Erneutes Gefallen an Dyck seit dem Entschluss, den Winter in Paris zu verbringen. Notwendigkeit, ein belastendes Thema anzusprechen. CdS war gezwungen, einer literarisch interessierten Person einen Gefallen auszuschlagen. Zu diesem Zeitpunkt ging es CdS sehr schlecht. Nun versucht diese Person ihr in der Literaturwelt zu schaden. Notwendigkeit, von solchen Dingen Kenntnis zu haben. Bitte, dass B. sie regelmäßig informiert, was über sie oder ihre Bücher gesagt wird (sie will für ihn das Gleiche tun), und so zwei Freunde zu ersetzten, die dies früher gemacht haben. Arbeit an drei Schriften: In der ersten geht es um Politik, in der zweiten um Frauen, die letzte ist ein Roman. Frage, mit welcher Schrift CdS beginnen soll, um sich wieder in Erinnerung zu rufen. Bitte um Verschwiegenheit auch gegenüber Drais. Freundschaftsbekundung. Bitte um ausführliche Antwort. Guter Artikel in der „Gazette de Liège” über B. Angebot der CdS, sich darum zu kümmern, wenn B. dort einen Artikel veröffentlichen will. Gefühl der CdS, B. besser zu kennen, weil er mit seiner Frau zu Besuch war.
5063		Brief	2022-10-19 09:00:30		1818-05-15	Salm, Constance de	Prous, Henry	Einladung von CdS an Prous, sie trotz des schlechten Wetters in Dyck zu besuchen.
5312		Brief	2022-10-19 09:00:30		1842-12-17	Salm, Constance de	Francq, Félix, baron de	Vorbereitung der morgigen Abfahrt. Sie hat für Drais alles notiert und ihm auch einen Brief für Félix gegeben. Vorfreude auf baldiges Wiedersehen mit Félix und seiner Frau. PS: Félix hat den richtigen Arzt ausgewählt. So wird seine Schwägerin bald wieder gesund sein.
5313		Brief	2022-10-19 09:01:17		1843-08-17	Salm, Constance de	Francq, Félix, baron de	CdS hat noch einiges zu erledigen, deshalb verschiebt sich ihre Abfahrt immer weiter nach hinten. Statt Samstag wird es nun wohl doch Sonntag werden. Viele Besuche. Monsieur Funcke hat ihr bei den Vorbereitungen der Abfahrt sehr geholfen, geht ihr besser zur Hand als Monsieur Janssen. Sie hat für den Sommer auf Probe ein Fräulein eingestellt, das ihr von einem Angestellten Didots (Lainé) empfohlen worden ist. CdS freut sich, dass es ihrem Urenkel gut geht und dass Félix so gut in seine neue Familie integriert ist. Sein Schwiegervater ist ihm ein echter Vater.
5314		Brief	2022-10-26 07:05:13		1844-04-04	Salm, Constance de	Francq, Ozélie (Azélie), baronne de	Alle sind noch immer sehr traurig. CdS plant ihre Abfahrt. Da sie erst im nächsten Sommer nach Dyck zurückkehren wird, muss sie Ordnung in ihre Papiere bringen. Ihr Sekretär ist ihr keine große Hilfe. CdS sendet ihr eine Liste mit Briefen, die er von ihr (Azélie) bekommen haben will und die er ihr zurückgegeben hat. Ihre Abfahrt aus Dyck verzögert sich auch, weil ihre Mademoiselle sehr krank ist, sie selbst unter Koliken leidet und weil ihre finanziellen Angelegenheiten noch nicht geregelt sind. Das Alter. Fortsetzung von Karfreitag: Es geht ihr heute besser, ihrer Mademoiselle auch. Gestern Abend sehr angenehmer Besuch von zwei Offizieren, Puttkamer und einem anderen, der Klavier spielte. Angeregte Unterhaltung. Geplanter Besuch von Hompesch. Melancholie und Langeweile auf dem Land. Grüße an Félix, der auf seine Gesundheit achten soll, und an Alexandre. PS: Bitte, dass Azélie sie über ihre Besuche auf dem Laufenden halten soll. In Dyck kommen die Briefe erst mit sieben Tagen Verspätung an.
5315		Brief	2022-10-19 09:00:30		1844-04-08	Salm, Constance de	Francq, Félix, baron de	Dank für seinen Brief mit den guten Neuigkeiten. Ihre sind leider weniger gut. Sie hat niemanden, der sich für ihre Situation interessiert, und sie ist niedergeschlagen, weil sich ihre Abfahrt immer weiter verzögert. Sie ist unschlüssig, was sie von ihrer kranken Mademoiselle halten soll. Sie erscheint ihr verwirrt, sie isst seit Tagen nichts, trinkt kaum etwas. Vermutet, dass ihre Krankheit nur vorgetäuscht ist. CdS bittet Félix um Rat, was sie tun soll. Er soll auch ihren Freunden sagen, welch trauriger Zwischenfall sie an der Abreise hindert. Bisher ist sie nicht zum Schreiben gekommen.
5316		Brief	2022-10-26 07:26:26		1844-04-12	Salm, Constance de	Francq, Félix, baron de	CdS' Mademoiselle geht es besser. CdS vermutet aber, sie übertreibt es mit ihrer Krankheit. Hat ihr zu verstehen gegeben, welch großes Opfer sie für sie bringt, indem sie ihretwegen immer wieder ihre Abreise nach Paris verschiebt. Mademoiselle soll mit Madame Mathis nach Paris reisen. CdS hat ihre Papiere und Briefe in Ordnung gebracht. Will im nächsten Jahr ihre letzten literarischen Projekte abschließen und sich dann ausruhen. Dank für Azélies Brief, sie soll ihr weiter schreiben und ihr die Neuigkeiten der gemeinsamen Bekannten überbringen. Fortsetzung am nächsten Tag: Mademoiselle geht es besser, wird aber noch drei Wochen zur Genesung benötigen. Kann also nicht mit Madame Mathis fahren, CdS sorgt dafür, dass ein Dienstmädchen sie nach Paris begleitet. Monsieur Drais soll Monsieur Lainé, der CdS die Mademoiselle empfohlen hatte, von der Angelegenheit erzählen, damit klar wird, weshalb CdS nach Paris reist und die Mademoiselle in Dyck zurücklässt. Félix und seine Familie sind umgezogen. CdS ist unzufrieden mit ihrem neuen Sekretär. Hingegen sehr zufrieden mit Monsieur Funcke.
5317		Brief	2022-10-27 12:40:43		1844-04-18	Salm, Constance de	Francq, Ozélie (Azélie), baronne de	Ankunft in Paris wohl in der ersten Maiwoche. Bis dahin muss sie noch ihre Papiere ordnen. Ihr Sekretär ist ihr keine Hilfe. Mit diesem Brief kommt ein Brief an Drais, darin alles zum Zustand der Mademoiselle, die nun möglicherweise doch schon zusammen mit ihr reisen kann. CdS zieht diese Lösung vor, da sie dann Madame Mathis nicht verpflichtet wäre. Puttkamer und sein Freund kommen zum Abendessen. Fortsetzung am nächsten Tag, 1844-04-19: Félix’ Brief ist am Vorabend angekommen. Gesundheit von Félix und Azélie. Sorgen mit Vermietungen. Monsieur Audoi. Dank, dass Félix und Azélie CdS' Freunde besucht haben. Bitte, Monsieur Viennet, Madame Thurot und Monsieur Audiffret zu besuchen. Allen bitte die baldige Rückkehr von CdS ankündigen. Bericht über den gelungenen Abend mit den beiden Offizieren. Verschiedenes: Selbstmord eines Lehrers aus Rheydt. Tödliche Schüsse eines Vikars auf einen Priester. Zimmermädchen für CdS in Paris. Neue Wäscherin in Dyck. Frage nach Azélies deutscher Angestellter. Ankunft in Paris Anfang Mai. Grüße an Félix und Alexandre. PS: Dieser Brief wird dem Brief an Monsieur Drais beiliegen.
5318		Brief	2022-10-27 12:43:23	C03/S19/049-053	1844-04-29	Salm, Constance de	Francq, Félix, baron de	Gesundheitliche Probleme von Félix. Verzögerte Abfahrt der CdS. Unordnung in ihren Papieren. Will alles Wichtige für ihre Memoiren auswählen. Kartons ordnen. Funcke ist ihr eine große Hilfe, ihr Sekretär keineswegs. Sie wird Mitte Mai in Paris ankommen, leider ohne SRD, der wegen seines neuesten Buchs in Dyck bleiben will. Félix und Azélie fehlen ihr sehr. Ihrem Fräulein geht es besser, sie isst aber noch nicht wieder. Sie wird nicht mit Madame Mathis fahren, was CdS sehr recht ist. Madame von Locquenghien hat sich bei ihrem letzten Besuch in Dyck sehr merkwürdig verhalten. Möglicherweise werden sie und ihr Mann sich trennen. CdS verurteilt das. Der Freund von Puttkamer besorgt die Noten, die Félix gern hätte. [Fehlende Seite] Grüße an die Schwiegereltern und Einladung nach Paris. PS: CdS will auf ein bestimmtes Zitat nicht verzichten. Es gibt nichts Neues in Dyck. Anekdote zur Hochzeit von Herrn Holz.
5319		Brief	2022-10-25 14:10:40		1844-05-06	Salm, Constance de	Francq, Félix, baron de	Weitere Verzögerung der Abfahrt wegen der Zeremonie im Anschluss an das Vogelschießen, der sie beiwohnen soll. Sie wird so in Paris ankommen, dass sie vor Drais' Abreise noch drei Tage Zeit hat, um mit ihm ihre Angelegenheiten zu ordnen. Etwas Ruhe bis zur Abfahrt wird ihr gut tun. Bitte nichts von der neuerlichen Verzögerung an Drais weitersagen. Auch Félix soll sich informieren, was CdS mit Drais zu regeln hat, vor allem ihre Konten. Ihre häuslichen Angelegenheiten hat Félix' Frau im Blick. Ihr Personal wird schon vorausfahren. Draußen fängt es zu gewittern an, die Spaziergänger auf der Brücke im botanischen Garten eilen davon. Fortsetzung des Briefs am 1844-05-06: Gestern Abend ist ein Brief von Félix eingetroffen, der alle ihre Fragen bezüglich ihrer persönlichen Angelegenheiten in Paris beantwortet. Heute und morgen wird sie sich ausruhen. Monsieur Funcke hilft ihr sehr mit ihren Konten. Wegen der Fahnenzeremonie werden sie möglicherweise erst am Montagmorgen aufbrechen. Bitte, Drais nichts davon zu erzählen. Personal wird zwei Tage vor CdS in Paris eintreffen. Mademoiselle bleibt vorerst in Dyck. Der Sohn von Monsieur Aubart ist gestorben. Auch der Portier ist gestorben. Grüße an Alexandre.
5320		Brief	2022-10-19 09:00:30		1844-05-31	Salm, Constance de	Drais, Pierre	Über Félix weiß er von den Umständen, die CdS' Abreise verzögern. Sie muss sich um alles allein kümmern, braucht daher sehr viel Zeit. Gerade jetzt benötigt sie seine Hilfe sehr. Bitte, seine Abreise aus Paris zu verschieben. Auf dem Land ist es ohnehin zurzeit sehr kalt. Sie hat seinen Brief erhalten. Plant ihre Abfahrt für den 7. oder 8. Juni. Fünf Tage für die Reise und drei Tage Zeit, um mit Drais ihre Angelegenheiten zu regeln. Bitte, ihr seine Pläne mitzuteilen. Sie wird so bald wie möglich aufbrechen. Hoffentlich geht es seiner französischen Bediensteten bald besser. Sie wird mit Giesen darüber sprechen und Félix und Azélie fragen, ob ihre Kammerzofe ihm behilflich sein könnte. Bitte diesen Brief an Félix weitergeben, von dem sie gestern ebenfalls einen Brief erhalten hat. Er soll ihr weiterhin fast täglich schreiben. Grüße an die Schwiegertochter. CdS zählt auf Drais' alte Freundschaft.
5321		Brief	2022-10-19 09:00:30		1844-06-02	Salm, Constance de	Francq, Félix, baron de	Sie hat ihre Sachen geordnet, ruht sich aus, bevor sie Besuch bekommt. Sie wird erst am 9. Juni abfahren und etwa am 14. ankommen. Sehr erleichtert, dass Drais bis zum 19. in Paris bleiben wird. Ein Beweis seiner Freundschaft. Félix soll ihm ihren Dank ausrichten, falls er ihn sieht, bevor er ihren Brief erhält. Baldiges Wiedersehen. Ihre Gesundheit ist in Ordnung. PS: Grüße an Alexandre.
5322		Brief	2022-10-25 14:10:40		1844-06-10	Salm, Constance de	Francq, Félix, baron de	Es geht ihr viel besser als gestern. Erzählt begeistert von der gestrigen Fahnenzeremonie, einschließlich anschließendem Essen und Ball. Die Abreise ist für morgen früh angesetzt. Bitte an Drais weitergeben. CdS' Personal. Vorbereitungen für ihre Ankunft. Zuständigkeiten von Drais. Bitte, dass Azélie ein Auge auf alles hat. Bitte um Hilfe durch Félix' Kammerzofe. In 15 Tagen wird die kranke Mademoiselle nach Brüssel gebracht, dort nimmt sie ein Bekannter in Empfang. Hat mit ihr über ihre Bezahlung gesprochen, sie schien uninteressiert. CdS wird ihm nochmal aus Brüssel schreiben.
5323		Brief	2022-10-25 14:08:18		1844-09-25	Salm, Constance de	Francq, Félix, baron de	Dank für seinen Brief und das Wild, das er erlegt und ihnen hat schicken lassen. Freude auf Wiedersehen Anfang Oktober. Alle ihre Freunde sind auf dem Land, sie ist seit zwei Monaten fast allein in Paris, während SRD in Dyck ständig Besuch empfängt. Koppstadt war für einige Zeit in Dyck, um sich zu erholen, ist dann völlig überstürzt abgereist, ohne jemanden in Kenntnis zu setzen. Er scheint geistig verwirrt. Félix' Plan, über Amiens nach Paris zurückzureisen. CdS geht es gesundheitlich gut. SRD geht es ausgezeichnet, er wird aber frühestens in sechs Wochen nach Paris kommen. Er ist vollauf mit seinen Kakteen und seiner Rebhuhnjagd beschäftigt. PS: Sie hat eine neue Hündin mit einem sehr eigenwilligen Charakter. Die vorherige war ihr lieber.
5324		Brief	2022-10-26 07:26:26		1844-09-08	Salm, Constance de	Francq, Félix, baron de	CdS war sehr beschäftigt mit dem Gegenlesen von biographischen Notizen über sie. Artikel im „Le Corsaire“ über CdS. Vorlage war die Biographie von Mathon de Fogères. CdS hat gewünscht, dass man den großen Erfolg der meisten ihrer Werke vermerke. Die Herausgeber haben das abgelehnt, um keine Kritiker auf den Plan zu rufen. Legt ihm den Artikel aus dem „Corsaire“ bei. SRD hat in Dyck ein großes Fest gefeiert. CdS erwartet SRD für Ende Oktober. Im Augenblick fühlt sie sich in Paris sehr einsam. Gesundheitlich geht es ihr gut, aber sie wünscht sich mehr Ruhe. Sie empfängt einige Besucher. Die Tochter der Locquenghiens fühlt sich sehr unwohl in Paris. Freude über gute Gesundheit Félix' und seiner Frau. Grüße an Félix' Schwiegerfamilie. Sein Schwiegervater soll nicht, wie geplant, noch länger auf dem Land bleiben. PS: Alexandre ist noch zwei Wochen lang in Denezy. Sie legt eine Mitteilung von Monsieur de Bavier bei. CdS beschwert sich über ihren schlecht erzogenen neuen Hund.
5325		Brief	2022-10-25 14:03:57		1844-09-19	Salm, Constance de	Francq, Félix, baron de	Freut sich auf Félix' Rückkehr nach Paris am Ende des Monats. Fast alle ihrer Bekannten sind wie Félix auf dem Land. Sie ist sehr einsam, schreibt aber auch nicht viele Briefe, weil sie gezwungen ist, alles zu diktieren, was sie ermüdet. Alexandre ist zurück in Paris, aber sie hat ihn bisher kaum gesehen. Gesundheitlich geht es ihr gut, abgesehen von nächtlichen Koliken. Félix und Azélie sollen bald zurückkommen, zusammen mit ihrer Familie. Schwiegervater soll nicht auf dem Land bleiben. Sie wird mit ihm über den Prozess sprechen, wenn er zurückkommt. Seine gute Nachricht hat ihm die größte Freude bereitet. Viele Grüße an seine Familie.
5326		Brief	2022-10-25 14:08:18		1844-08-25	Salm, Constance de	Francq, Félix, baron de	CdS ist zurzeit sehr mit biographischen Arbeiten beschäftigt. Zu ihrem Prozess: Barbier war der Meinung, dass ihr Anwalt Pailliet aus Orléans verstorben sei, er wolle bei seinem Bekannten Lefèvre, einem Anwalt aus Orléans, nachfragen. Lefèvre rät ihr, die Angelegenheit in Tours klären zu lassen. Gestern hat Monsieur Lefèvre nach Tours geschrieben. Monsieur Guibert hatte ihr geraten, sich an das Pariser Gericht zu wenden. Sie hat das angesichts ihres Bekanntheitsgrads und des zu erwartenden Medieninteresses nicht getan. CdS zieht Lefèvre vor, der ein sehr ruhiger Mensch und zudem aus Orléans ist, so dass er sich dort direkt mit Pailliet besprechen kann. Enttäuschung Guiberts, weil CdS sich für Lefèvre entschieden hat. Leidige Angelegenheit. Sie hat den Antrag selbst an Pailliet geschickt, damit er einen besseren Einblick hat. Er soll sich in allen Fragen direkt mit Lefèvre absprechen. Biographischer Artikel Villenaves über sie: Sie hat Unstimmigkeiten und Übertreibungen entdeckt und Audiffret mit der Überarbeitung beauftragt, der nun aber doch keine Zeit dazu hat. Sie wünscht Félix und seiner Familie einen erholsamen Aufenthalt auf dem Land. Félix ist vom Hund gebissen worden.
5340		Brief	2022-10-19 09:00:30		1844-10-09	Salm, Constance de	Salm-Reifferscheidt-Dyck, Joseph Fürst und Altgraf zu	Sie hat während der vergangenen Tage das Haus nicht verlassen wegen des schlechten Wetters und aufgrund vieler Besuche, die sie empfangen hat. Sie muss in wenigen Tagen ihre „Biographie“ für den Druck abgeben.
5341		Brief	2022-10-27 12:29:13		1844-11-05	Salm, Constance de	Salm-Reifferscheidt-Dyck, Joseph Fürst und Altgraf zu	Hubertusfeier in Düsseldorf. Auseinandersetzung mit einem [nicht namentlich erwähnten] Mitglied der Académie [française?]. Finanzangelegenheiten. Renovierungspläne für die Wohnung von CdS in Paris [rue Richer]. CdS wünscht eine gute Gesellschaft in Dyck.
5342		Brief	2022-10-19 09:00:30		1844-10-31	Salm, Constance de	Salm-Reifferscheidt-Dyck, Joseph Fürst und Altgraf zu	Probleme mit dem Dienstpersonal: „H“ will kündigen, um angeblich zu heiraten; Nachbarschaftsprobleme [unklar welche]. Gesundheitsprobleme: Bauchkrämpfe, physische und geistige Erschöpfung, daher Einholung von Rat verschiedener Ärzte. Kommentare zu dem Gedicht „Le vrai et le faux ami“ eines „Académicien“, das drei Verse über CdS enthält.
5343		Brief	2022-10-19 09:00:30		1844-11-07	Salm, Constance de	Salm-Reifferscheidt-Dyck, Joseph Fürst und Altgraf zu	Geburtstag der CdS, Dank für die Wünsche von SRD. Auf ihren Wunsch soll dieser Tag in Dyck so gefeiert werden, als wäre sie selbst anwesend. Ihre Abendgesellschaften – grand dîner et petit dîner. Korrekturarbeiten an der Biographie des Villenave, Unterstützung des Audiffret. Sie beschreibt ihren Charakter als sehr empfänglich für Gefühle (unausgeglichener als das Gemüt des SRD).
5344		Brief	2022-10-26 07:13:51		1844-11-14	Salm, Constance de	Salm-Reifferscheidt-Dyck, Joseph Fürst und Altgraf zu	CdS empfängt Jussieu, Ladoucette und Achille Comte zum Dîner. Kontakt zu Mollevaut durch Montémont. Mollevaut ist schwer erkrankt. CdS lindert ihre gesundheitlichen Beschwerden mit Birnen und Rhabarber.
5345		Brief	2022-10-19 09:00:30		1844-12-04	Salm, Constance de	Salm-Reifferscheidt-Dyck, Joseph Fürst und Altgraf zu	Korrekturen zur Publikation; Unterstützung durch eine „demoiselle“. Villenave ist vorbeigekommen, um seinen Teil zu korrigieren. CdS will in Zukunft keine Biographieaufträge mehr annehmen. CdS‘ Gesundheit ist durch Anstrengung angeschlagen (hartnäckiger Husten). Sorgen der CdS um SRD wegen des nächtlichen Reisens bei schlechtem Wetter.
5348		Brief	2022-10-19 09:00:30		1844-11-30	Salm, Constance de	Salm-Reifferscheidt-Dyck, Joseph Fürst und Altgraf zu	Bevorstehende Ankunft des SRD. Sorgen und Ratschläge der CdS wegen der Gefahren einer Reise bei Nacht. Glänzende Abendgesellschaft am vergangenen Donnerstag [=28. November]. Gedanken über die Entwicklung der deutschen Stände und Staaten. Die französische Presse („Revue de Paris“) hat die Lage in Frankreich und in den deutschen Ländern verglichen, daraus zieht man den Schluss, dass ein einziger Staat viel wirtschaftlicher wäre. CdS ist über diese Idee erschrocken. Projekte einer Biographie über SRD (darunter Vorschläge von einem Pascalet), diese würde nach Goddings Einschätzung ca. 800 Francs kosten. Hundegeschichte.
5349		Brief	2022-10-26 08:28:25		1844-11-27	Salm, Constance de	Salm-Reifferscheidt-Dyck, Joseph Fürst und Altgraf zu	Nachrichten in den französischen Zeitungen über die politische Lage im Rheinland (Öffnung der Ritterschaftstage erst im Februar in Düsseldorf, was auch bedeutet, dass SRD seine Reise nach Paris noch verschieben müsste). Religionsstreitigkeiten in Deutschland, Wirken der Jesuiten in Frankreich, viele Presseberichte zu dem Thema. Nach CdS‘ Auffassung findet die Menschheit immer wieder Wege, um Krieg zu führen. Villenaves Biographie hat sie am vorigen Tag zum Druck freigegeben. Es gibt schon fünf lobreiche Biographien über sie, die von Villenave soll nicht überschwänglich sein. Einladungen laufen trotz Abgeschlagenheit weiter.
5350		Brief	2022-10-26 07:14:11		1844-11-23	Salm, Constance de	Salm-Reifferscheidt-Dyck, Joseph Fürst und Altgraf zu	Krankheit der CdS, lässt den Chirurgen Cloquet zu sich kommen. CdS empfängt trotzdem viel. CdS wartet sehnsüchtig auf SRDs Ankunft in Paris. Sie braucht mehr Informationen, denn sie will das Zimmer des Fürsten vorbereiten, in dem zurzeit ihre Gehilfin Marianne schläft. Überlegungen, wie man die verschiedenen Zimmer dann jedem zuweisen könnte. Religiöse Praxis bzw. religiöser Zwang im Rheinland und in Frankreich (sie legt SRD als Antwort auf dessen Brief einen Zeitungsartikel bei) und Mangel an Vernunft („excès de déraison“), was zu Verwirrung führt („cette désorganisation des esprits et des lois de la nature“) – CdS hat es bereits in einer Épître thematisiert. Lob der CdS in den Zeitungen. CdS wünscht Nachrichten über Aachen und Informationen über die Gräfin von Nassau. Madame de Bavier will sich von ihrem Mann scheiden lassen. Geschichten über ihre Hündin, eigenartige Rasse, die aus Havanna kommen soll.
5351		Brief	2022-10-25 14:10:40		1844-11-17	Salm, Constance de	Salm-Reifferscheidt-Dyck, Joseph Fürst und Altgraf zu	Tod des Mollevault. SRD scheint den „Constitutionnel“ nicht erhalten zu haben [Zensur?]. Einfluss der Politik auf die Presse und die Besetzung von Zeitungsdirektorenstellen. Bevorstehende Wahlen in Koblenz und in Düsseldorf für die Ritterschafts- bzw. Reichsstände. CdS braucht neue Wechselbriefe: Ausgaben für den Haushalt, die Neueinrichtung der Wohnung, ihren Zahnarzt (Zahnersatz), ihren Prozess. Vorschlag eines neuen Finanzbetreuers für SRD durch den Prinzen von Croÿ. Heirat von Jasper. Zahnschmerzen der Frau von Félix de Francq, die Familie sieht die Ursache darin, dass sie sich in der ganzen Schwangerschaft keinen Aderlass hat machen lassen. Paris ist laut CdS langweilig geworden. Kleine Empfänge bei CdS (Raboteau, Villenave, Pongerville, usw.). Viel Arbeit an ihren Biographien.
5352		Brief	2022-10-27 12:29:13		1844-10-29	Salm, Constance de	Salm-Reifferscheidt-Dyck, Joseph Fürst und Altgraf zu	Dienstboten des SRD: Tod des Mosler, Krankheit des Hannen. Finanzangelegenheiten der CdS. CdS‘ Mühe, dem Mitglied der Académie [française] eine passende Antwort auf seine Lobrede auf sie zu schreiben. Sie hat weniger Mühe, eine schöne Épître zu schreiben als Komplimente und Danksagungen. Erkrankung der CdS: Sie empfängt in ihrem Schlafzimmer. CdS‘ Gesellschafterin besucht oft eine Madame de Guérouet (?), bei der sie viel über CdS tratscht.
5353		Brief	2022-10-19 09:00:30		1844-10-25	Salm, Constance de	Salm-Reifferscheidt-Dyck, Joseph Fürst und Altgraf zu	Neuer Prozess der CdS wegen der Kosten für ihre Biographie. Einholung des Rats des neuen Rechtsvertreters, Monsieur Lefèvre. Dieser trifft in Orléans den Rechtsanwalt Pailliet, um Einzelheiten über den 15 Jahre alten „persönlichen“ Prozess zu erfahren. Darauf Einholung von Informationen beim ehemaligen Rechtsvertreter Chambert aus Tours. Unterlagen fehlen. Beschreibung der CdS über die Lagerung ihrer Unterlagen, Korrespondenzen („grande armoire … dans la chambre à coucher“), Akten und Urkunden („mon secrétaire“) in Dyck, und Versteck der entsprechenden Schlüssel („dans le tiroir de mon cabinet au-dessus de laquelle sont mes cartons de littérature“), damit SRD die fehlenden Prozessakten findet. „Schwindler“ versuchen, Geld für ihre Biographie zu erpressen – Berryer soll auch auf diese Weise „erpresst“ worden sein. Der Directeur der Zeitung „Le Globe“ wünscht angeblich, ihren Aufsatz, den sie in „Le Corsaire“ veröffentlicht hatte, auch in seinem Blatt zu publizieren.
5354		Brief	2022-10-25 14:10:40		1844-10-20	Salm, Constance de	Salm-Reifferscheidt-Dyck, Joseph Fürst und Altgraf zu	Merkwürdiger Besuch eines unbenannten Schriftstellers, der angeblich eine Biographie von 100 Seiten über CdS schreiben will. CdS bittet ihn, erst in einem Monat zu kommen, denn sie ist mit anderen Biographien (u. a. Villenaves) beschäftigt. Der Schriftsteller versucht, Druck auf sie auszuüben, um Geld für das eigenständig unternommene Werk von ihr zu erhalten. Kritik der CdS über ungeschickte Formulierungen des Villenave (u. a. über den Fürsten SRD). CdS schlägt die Idee [von SRD?] aus, ein Landhaus in Ramersdorf [abgebrannt?] aufzubauen. Sie ist gegen die Idee einer Feuerversicherung, denn diese zwingt den Eigentümer, wieder ein Haus aufzubauen. Finanzangelegenheiten der CdS in Paris.
5355		Brief	2022-10-26 08:28:25		1844-10-12	Salm, Constance de	Salm-Reifferscheidt-Dyck, Joseph Fürst und Altgraf zu	Angeschlagene Gesundheit der CdS, Niedergeschlagenheit, doch Arbeitskraft bleibt erhalten. Erfolg ihres „Bouton de rose“. Frage der Auswahl der Werke, die man nach der italienischen Übersetzung von „Bouton de rose“ nach Italien schicken könnte: z. B. die erste Ausgabe ihrer Gedichte. Brignoli ist der Hauptkontakt für die Verbreitung von CdS‘ Werk in Italien. Erledigte Aufgaben: Brief an Pailliet, Brief an „Le Corsaire“ und Bearbeitung der Biographie des Villenave.
5356		Brief	2022-10-26 11:58:13		1844-10-05	Salm, Constance de	Salm-Reifferscheidt-Dyck, Joseph Fürst und Altgraf zu	Jagd des SRD. CdS zufrieden, seitdem Félix wieder in Paris ist. Er und seine Frau kommen dreimal die Woche zu CdS zum Dîner. Umorganisation ihrer Dîners. Empfang eines Sonetts auf ihren Ruhm, dessen Autor sie eine Antwort schuldet. CdS mit Bearbeitung ihrer Biographie von Villenave beschäftigt, sowie mit der passenden Antwort auf den Artikel über sie im „Mercure des théâtres“. Weiterführung der gerichtlichen Auseinandersetzung mit der Familie Pipelet: Kontakt zu Pailliet aus Orléans. Angebliches Zerwürfnis zwischen Madame de Chalot und Madame Waldor.
5357		Brief	2022-10-25 13:54:21		1844-10-02	Salm, Constance de	Salm-Reifferscheidt-Dyck, Joseph Fürst und Altgraf zu	Übersetzung von Versen der CdS, u. a. von „Bouton de rose“ ins Italienische (wurde in Modena übersetzt). CdS will dem Übersetzer andere Werke zukommen lassen, damit sie in Italien nicht nur durch ihre Verse bekannt wird. Sie macht sich Sorgen, dass diese Werke bei der Regierung in Modena negativ angesehen werden könnten (sie fragt SRD, ob man die Werke ohne Aufsehen mit seinen botanischen Werken nach Italien schicken könnte). In England ist sie durch die Übersetzung ihrer „Pensées“ bekannt. Aufsatz (Feuilleton) über CdS im „Mercure des théâtres“ (enthält: Beschreibung der Werke der CdS, Briefwechsel mit Courrier und Beschreibung der CdS über Dyck). Gesellschaftliche Kontakte: Jomard, Naigeon, Davids, Miraults, Félix und seine Frau, die ein Kind erwartet.
5358		Brief	2022-10-26 08:38:40		1844-10-14	Salm, Constance de	Salm-Reifferscheidt-Dyck, Joseph Fürst und Altgraf zu	Ihre Bearbeitung des biographischen Aufsatzes von Villenave geht nicht voran. Trotz allem viele Besuche und Erschöpfung. Kommentare der CdS zu den botanischen und politischen Nachrichten aus dem Rheinland, die SRD ihr mitgeteilt hat. Finanzielle Lage: Größere Ausgaben wegen Wohnungseinrichtung. Steigerung der Lebenshaltungskosten in Paris. Kosten für Publikationen. Solide Führung der Buchhaltung durch Godding. Lange und treue Zuneigung der CdS für SRD, er fehlt ihr in Paris. Sie freut sich über seine Kontakte zu den Maisons. Regelmäßige Besuche des Félix de Francq (dreimal in der Woche) und dessen Frau, die nun fünf Monate schwanger ist.
5359		Brief	2022-10-25 14:08:18		1844-09-03	Salm, Constance de	Salm-Reifferscheidt-Dyck, Joseph Fürst und Altgraf zu	Großer Zeitaufwand für die Beantwortung von Briefen und die Überprüfung von Biographien (so die Biographie in der Zeitschrift „Le Corsaire“, die ihr große Sorgen bereitet, v. a. wegen der möglichen Resonanz in der Presse und Öffentlichkeit). Glückwünsche zum Geburtstag des SRD [4. September]. Aus diesem Anlass Feier in Dyck mit Einwohnern von Langwaden. Kommentare über die Locquenghien. Kontakte zur Familie Mathis. Sorgen um die [neue] „demoiselle“ bei CdS, wird durch CdS in ihren Alltag und v. a. in das [Ab-]Schreiben eingewiesen. CdS liest den Brief von SRD Jussieu vor (Beratung über Kakteen). Charakter der neuen Hündin der CdS.
5360		Brief	2022-10-25 14:08:18		1844-09-06	Salm, Constance de	Salm-Reifferscheidt-Dyck, Joseph Fürst und Altgraf zu	Artikel über CdS in der Zeitschrift „Le Corsaire“ endlich veröffentlicht. Dabei mehr Lob ihrer Persönlichkeit als ihres literarischen Werks. Gemischte Kommentare ihrer Bekannten. CdS ist immer noch mit der Überprüfung ihrer Biographien beschäftigt, vor allem des biographischen Aufsatzes von Villenave. Sprunghafter und nervöser Charakter der neuen Hündin von CdS (Mlle Biche).
5361		Brief	2022-10-19 09:00:30		1844-09-09	Salm, Constance de	Salm-Reifferscheidt-Dyck, Joseph Fürst und Altgraf zu	Unklare Andeutungen einer Intrige, um einen Platz in Köln durch Einschüchterungen zu erlangen [?]. Antwortschreiben (Fortsetzung am 10. September) auf einen Brief des SRD vom 7. September, in dem er über das Abendessen [zu seinem Geburtstag] berichtet (28 Personen eingeladen und es wurden auf seinen Namen Kanonensalven geschossen). CdS hatte ihrerseits nur Montémont zum Mittagessen und abends den Schwiegersohn des Mirault gesehen. Frage nach Nachrichten über Tschech („Ketsch“) [Attentat auf Friedrich Wilhelm IV.].
5362		Brief	2022-10-26 12:19:34		1844-09-13	Salm, Constance de	Salm-Reifferscheidt-Dyck, Joseph Fürst und Altgraf zu	Antwort der CdS auf SRDs Kommentar zu dem Artikel über CdS in der Zeitschrift „Le Corsaire“. Er ist sehr zufrieden. CdS erklärt ihre Aufregung beim Lesen ihrer eigenen Biographie. Fette Beute des SRD auf der Jagd (50 Rebhühner). CdS leidet unter der Hitze in Paris. Besuch bei ihrer Schwägerin Joséphine [de Théis], der es sichtlich schlecht geht. Deren Sohn studiert in Paris weiter. Besuch von Alexandre de Francq, der acht Rebhühner von seiner Jagd geschickt hat. Dîner mit Husson, Jomard, Guilloy (guter Gesprächspartner), Abwesenheit des Jussieu. CdS vermisst Félix, der bei seinem kranken Schwiegervater auf dem Land weilt. Schwieriger Charakter von dessen Ehefrau. Andeutungen über Algerien, Marokko und den Hass gegen die Engländer sowie die Pritchard-Affäre in Tahiti.
5363		Brief	2022-10-25 14:09:56		1844-09-16	Salm, Constance de	Salm-Reifferscheidt-Dyck, Joseph Fürst und Altgraf zu	Prozess mit der Familie Pipelet. Ärger über Leute, die ihre Briefe als Autogramme aufbewahren wollen. Unwohlsein wegen des wechselnden Wetters (CdS ist wetterempfindlich). Verärgert und enttäuscht über SRDs Mitteilung, er würde später kommen als wie geplant im Oktober. Kommentar über die Methode der Hinrichtung durch Rädern. Kommentar über Pressenachrichten aus Köln über die Gefängnisorganisation. Unruhiger Charakter ihrer neuen Hündin. Duterte, ein Verwandter von Mme. de Carlowitz, bietet CdS seine Hilfe in finanziellen Angelegenheiten in der Zeit der Abwesenheit von Drais an. Nachrichten über Freunde: Sohn von Mathis, Mlle. de Locquenghien. Dîner mit Audiffret und dessen Tochter. Fünf ihrer treuen Mardi-Gesellen sind auf dem Land. Heute [=Mittwoch] empfängt sie das Ehepaar Mirault. Am nächsten Tag das Ehepaar Achille Comte und die Carlowitz. Freitag kommt niemand, am Samstag „le train ordinaire“. CdS hat SRDs Abonnement der Zeitung „Le Constitutionnel“ erneuert.
5364		Brief	2022-10-26 08:11:55		1844-09-21	Salm, Constance de	Salm-Reifferscheidt-Dyck, Joseph Fürst und Altgraf zu	Instabiles Wetter macht CdS zu schaffen. Sie leidet unter der Einsamkeit und der Abwesenheit von Félix. Wartet sehnsüchtig auf die Rückkehr SRDs und auf den Herbst, der auch die Gesellschaft belebt. Arbeit an der Korrespondenz und den Memoiren stockt. Am vergangenen Donnerstag waren Jomard, Paganel, das Ehepaar Comte und Frau von Carlowitz zu Besuch. Am Samstag nur der wenig aufmunternde Depping, der kranke Montémont (Operation an der Wange) und der „plappernde“ Guilloy. Weitere Gäste in der Woche: Villenave, Raboteau, Audiffret, Mathis, Madame Cherubini. Erneuerung der Inneneinrichtung in ihrer Wohnung – daher größere Ausgaben (Auflistung der Wechselbriefe). Mangelnde Fähigkeiten ihrer Gesellschafterin („la demoiselle“) im Haushalten, daher wenig hilfreich. Jagdbeute des Félix. Mietvertrag wurde für neun Jahre erneuert (CdS hat so getan, als habe sie woanders eine Wohnung, so wurde der Mietpreis nicht erhöht).
5365		Brief	2022-10-27 10:00:13		1844-09-28	Salm, Constance de	Salm-Reifferscheidt-Dyck, Joseph Fürst und Altgraf zu	Ödes gesellschaftliches Leben. CdS freut sich auf die bevorstehende Ankunft des Félix, dann kann sie lästige Dîners reduzieren. Komplimente über CdS als „gute Mutter“ für ihre Enkelkinder. Dank für die Nachrichten aus Dyck, die „Demoiselle“ freut sich besonders. Geplanter Besuch des Alexandre de Francq in Dyck (Reise via Düsseldorf und Dampfschiff). Pongerville wird dem König von Frankreich vorgestellt, bei der Gelegenheit seiner Rede auf Saint-Lambert (dieser wurde in ein neues Grab auf dem Père-Lachaise-Friedhof umgebettet) und wegen seiner Verdienste in der Schlacht von Isly (Marokko): Er erhielt das Ehrenkreuz. Peinliche Missverständnisse mit Villenave (u. a. aus Erschöpfung spricht sie ihn nicht auf dessen Lobrede an, und sie hat Schwierigkeiten mit seiner CdS-Biographie, die viel zu lang und umständlich ist). Unklarheit über den Frieden in Marokko.
5366		Brief	2022-10-26 11:58:13		1844-08-04	Salm, Constance de	Salm-Reifferscheidt-Dyck, Joseph Fürst und Altgraf zu	Attentat auf den König von Preußen [26. Juli 1844]. Sorgen um Entwicklung in Marokko, Tahiti, Hass der französischen Öffentlichkeit gegen die Engländer. Unklare Haltung der Zeitung „Le Constitutionnel“; diese enthält seit dem 18. Juli die „Mystères de Paris“. Bericht über die ca. 50 Toten durch Menschengedränge während der Feierlichkeiten zum Andenken an die Julirevolution. Sorgen der CdS um ihre Gesundheit und die des Félix de Francq (er spuckt Blut). Gesellschaft (u. a. Chalot, Villenave Junior…). Sorgen um die Dame de compagnie wegen ihrer Gesundheit, aber auch Erleichterung, dass sie eben nicht da ist, denn sie ist eher unzuverlässig.
5367		Brief	2022-10-27 09:46:50		1844-08-05	Salm, Constance de	Salm-Reifferscheidt-Dyck, Joseph Fürst und Altgraf zu	Antwort der CdS auf die Empfehlung des SRD, sich nicht zu viele Sorgen zu machen: Sie muss in Paris alles alleine organisieren: die Biographien (übermäßige Länge der Biographie, die Villenave über sie verfasst hat), die Neuordnung ihrer Papiere, den große Haushalt, dessen Kosten und ihre Einsamkeit. Paris ist nicht mehr, was es war, „il n’y a plus cet égard, ces communications sociales de notre temps“. Freut sich auf den Winter, denn dann nehmen die gesellschaftlichen Treffen wieder zu. Echo über den Angriff auf den König von Preußen. Gesundheitliche Beschwerden des Félix. Gesellschaften: Kommentare des CdS über ein Fräulein von Locquenghien (sie mag ihre „düstere und harte Miene“ nicht). Gesang des Montémont. Ankunft der „Demoiselle“, die ihr vieles über Dyck erzählt. Austausch zwischen CdS und SRD über deren Ausgaben und Buchhaltung. Fortsetzung der Angelegenheit bzw. der gerichtlichen Auseinandersetzung über die Güterteilung mit der Familie Pipelet. CdS lässt nach der Akte suchen, die vor 43 Jahren erstellt wurde. Planungen zur Geburtstagsfeier des SRD. Mietvertrag in Paris läuft im April aus, Eigentümer möchte das kleine Zimmer des Félix als Verbindungszimmer für andere Mietwohnungen umbauen lassen und will auch den Preis erhöhen. CdS nicht einverstanden.
5368		Brief	2022-10-25 14:08:18		1844-08-10	Salm, Constance de	Salm-Reifferscheidt-Dyck, Joseph Fürst und Altgraf zu	Tod der Hündin von CdS, Frage ihrer Bestattung. Juristische Auseinandersetzungen wegen einer Schenkung („Monsieur“, der im Bois de Boulogne, allée Dauphine wohnt) in Verbindung mit der Familie Pipelet: Die Familie Pipelet will gegen CdS gerichtlich vorgehen (Anfechtung wegen einer Klausel aus der Scheidungsakte).
5369		Brief	2022-10-19 09:00:30		1844-08-13	Salm, Constance de	Salm-Reifferscheidt-Dyck, Joseph Fürst und Altgraf zu	CdS hat 1. Einladung zum Prozess wegen einer Teilungsklausel aus dem Scheidungsurteil der CdS mit Pipelet erhalten. CdS wird von Guibert beraten, der für sie einen passenden Rechtsanwalt sucht.
5370		Brief	2022-10-26 07:14:11		1844-08-16	Salm, Constance de	Salm-Reifferscheidt-Dyck, Joseph Fürst und Altgraf zu	CdSs Missmut wegen Frau von Carlowitz. Juristische Beratungen (u. a. mit Guibert) wegen der Pipelet-Prozessaffäre, Brief an Pailliet (Rechtsanwalt) aus Orléans. Diese Angelegenheit hat ihr Dîner mit Achille Comte, Pailliet de Plombières und Montémont verhindert. Biographische Aufsätze über CdS u. a. von Villenave.
5371		Brief	2022-10-25 14:08:18		1844-08-19	Salm, Constance de	Salm-Reifferscheidt-Dyck, Joseph Fürst und Altgraf zu	Biographischer Aufsatz des Villenave. Prozessangelegenheit und Beratung durch Guibert. Besuch des Locquenghien bei SRD, sowie gute Entwicklung der „Frankfurter“ Angelegenheit. Félix de Francq geht es auf dem Lande bei seinem Schwiegervater besser. Aus gesundheitlichen Gründen möchte CdS ihre großen Dîner-Gesellschaften reduzieren bzw. konzentrieren (eventuell nur 14-tägig). Jussieu scheint sich dort gerne zu unterhalten. Neue Hündin („bâtarde de Griffon et de bichon“) namens Biche. Kryptische Andeutung politischer  Begebenheiten.
5372		Brief	2022-10-27 10:01:23		1844-08-23	Salm, Constance de	Salm-Reifferscheidt-Dyck, Joseph Fürst und Altgraf zu	Prozess mit den Pipelets. Unschlüssigkeit der CdS, die von Guibert, Barbier und Godding unterstützt wird. Es muss ein langer und detaillierter Brief an Pailliet (Orléans) geschrieben werden. Abwesenheit des Félix ungünstig in dieser Zeit. Neuer Rechtsbeistand Monsieur Lefèvre, positive Meinung der CdS über ihn. Unwohlsein der CdS während eines Dîners am Donnerstag. Sorgen wegen der biographischen Aufsätze. Mangel an Zeit für die Edition der Korrespondenz und die Verfassung der Memoiren. Heirat des Moltz [Diener des SRD?]. Ärger über Zeitungen; Pongerville soll sogar gesagt haben, dass er zwei bis drei Monate lang keine Zeitung lesen wolle, um seine Ruhe zu haben. Lage in Algerien und Bugeauds.
5373		Brief	2022-10-26 07:14:11		1844-08-29	Salm, Constance de	Salm-Reifferscheidt-Dyck, Joseph Fürst und Altgraf zu	Sorgen der CdS wegen ihrer „Biographien” [= Aufsätze über sie], die SRD anscheinend nicht teilt. CdS ist um das Bild, das sie hinterlassen will, stets besorgt, da sie berühmt ist. Angebliches Angebot, ihre Biographie in der Zeitung „Le Corsaire“ herauszugeben, was aber mit vielen Missverständnissen verbunden war. Diese Zeitung hat vor, um bekannter zu werden und ihren Wert zu steigern,  in ihrem Feuilleton die Biographie berühmter Leute zu publizieren. CdS mit der Überprüfung der Biographie Villenaves beschäftigt. Dîner mit Achille Comte, Pailliet de Plombières und Montémont, der ein Lied über Marokko singen wird. [Fortsetzung am 30.08.] Hass gegen die Engländer. Besuch des Jussieu. Schlechter Eindruck in Frankreich über Preußen, wegen der neuen Gesetze über die Zensur.
5374		Brief	2022-10-27 13:09:40		1844-07-26	Salm, Constance de	Salm-Reifferscheidt-Dyck, Joseph Fürst und Altgraf zu	Überlegungen wegen des Wappens auf der Titelseite ihrer Biographien. CdS hat zudem an einer Einleitung zu ihrer Korrespondenzedition gearbeitet und den Mangel an Briefen in der ersten Schaffensperiode erklärt (CdS fing erst an, viel zu schreiben, als sie zu SRD ins Rheinland gezogen ist). Empfänge bei CdS, darunter Ladoucette, Jussieu, Jomard. Félix de Francq und seine Frau empfangen dreimal die Woche bei CdS, bald besuchen sie für längere Zeit den Schwiegervater des Félix auf dem Land, dann kann CdS öfter Dîners geben. Buchführung durch Godding. CdS vermisst SRD sehr. Gerüchte über einen Besuch des Königs und der Königin von Preußen im Rheinland und in Koblenz: SRD sollte versuchen, sie in Koblenz zu besuchen. CdS liebt die Stadt, der bessere Ort für gesellschaftliche Netzwerke. Erwähnt eine „affaire de Franckfort“.
5375		Brief	2022-10-27 10:01:23		1844-07-29	Salm, Constance de	Salm-Reifferscheidt-Dyck, Joseph Fürst und Altgraf zu	Besuche des SRD u. a. bei Mme. Maison. Gesundheitsprobleme der CdS (Augen, Schwäche), vor allem „solitude morale“ im Alter. Sorgen um die Gesundheit des Félix de Francq (Melancholie). Empfänge der CdS, u. a. Depping, Barbier, Comte, Boucharlat. Bevorstehende Reise des Jullien [de Paris] nach Italien, Algier, Spanien. Er plant, CdS monatlich anzuschreiben (sie „vermutet“, dass er hofft, dadurch eine Spur in ihren Memoiren zu hinterlassen). Unschlüssigkeit der CdS über die Herausgabe ihrer „Correspondance générale“; Achille Comte und Guilloy empfehlen, mit der Korrespondenz aus der Dyck’schen Zeit zu beginnen und in den Memoiren auf das gesamte literarische Werk einzugehen. Beschreibung der Nationalfeierlichkeiten [Ende Juli]. Geldanlagen des SRD.
5376		Brief	2022-10-25 14:10:40		1844-07-06	Salm, Constance de	Salm-Reifferscheidt-Dyck, Joseph Fürst und Altgraf zu	Prinzip des Briefwechsels SRD-CdS: täglicher Nachrichtenaustausch über und aus Dyck bzw. Paris. Darstellung des Rhythmus’ der Empfänge der CdS in Paris (an welchen Tagen, „dîner du samedi“, „dîner du jeudi“, usw.). Aus verschiedenen Zufällen ist am Freitag ein „grand dîner“ mit über zwölf Personen gegeben worden (darunter der Baron Roger, Depping...). Daraus entstandene Ausgaben. Ausgaben für die Neueinrichtung bzw. Renovierung in der Wohnung. Neue Schwangerschaft der Ehefrau (Ozélie) des Félix de Francq nach Verlust des vorigen Kindes. Ozélie und ihre „société“. Geldsorgen des Alexandre. Unter dramatischen Umständen schließlich doch glückliche Geburt einer Tochter bei Charles de Ladoucette.
5377		Brief	2022-10-25 14:10:40		1844-07-08	Salm, Constance de	Salm-Reifferscheidt-Dyck, Joseph Fürst und Altgraf zu	Reger Theaterbesuch des Funke, der SRD darüber berichten wird. Teuerung der Lebenskosten in Paris. Bedarf nach einer Waschfrau bzw. Kammerzofe. Abendgesellschaft mit Raboteau und Boucharlat: CdS liest aus ihrer letzten Épître: wenig Erfolg, obwohl angeblich Erfolg bei anderen Zuhörern. Unsicherheit, ob sie diese weiter publizieren sollte – fürchtet Kritik durch politische Widersacher wie die Legitimisten. Neue Einrichtung (vor allem Möbel) in ihrem Arbeitszimmer. Weiterhin Beschreibung der Abendgesellschaften, darunter Viennet mit der Eisenbahn aus Rouen. Villenave und Achille Comte sind über Ladoucette verärgert, denn sie wurden alle wegen angeblicher Bevorteilung (Ehefrauen schreiben Stücke) aus dem Comité de réception des pièces de l’Odéon entfernt (Ladoucette ist Vorstand). Bemühungen der CdS, trotz dieser Differenzen ihre Gesellschaft durch kluge Verteilung der Einladungen aufrechtzuerhalten. Donon-Cadot-Prozess. Presselektüre des Prinzen, CdS weist auf die „Mystères de Londres“ im „Constitutionnel“ hin.
5378		Brief	2022-10-25 14:03:57		1844-07-04	Salm, Constance de	Salm-Reifferscheidt-Dyck, Joseph Fürst und Altgraf zu	Biographie der CdS. Zahnschmerzen der CdS, ansonsten gute Gesundheit, Arzt Cloquet empfiehlt Spaziergänge und moderate Kost – wobei CdS gerne und viel isst. Landleben für CdS nur in den „drei schönen Sommermonaten“ erträglich. Sorgen um eine Begleitperson, „Demoiselle“. Freispruch des Edouard Donon [-Cadot] und Protest der Öffentlichkeit und der Presse („le Constitutionnel“).
5379		Brief	2022-10-26 08:03:25		1844-07-12	Salm, Constance de	Salm-Reifferscheidt-Dyck, Joseph Fürst und Altgraf zu	Lotteriespiel. Abendgesellschaften der CdS, Ärger wegen Frau von Carlowitz. Krankheit der Hündin von CdS. Widmung des Courier an CdS in seiner „Éloge d'Hélène“– in der letzten Ausgabe wird diese durch eine Widmung an „la Princesse de Salm“ ersetzt, was CdS als „gloriole de nom“ bezeichnet. Kommentare zu gesellschaftlichen Nachrichten aus dem Rheinland (u. a. über die Gräfin von Nassau).
5380		Brief	2022-10-26 08:38:40		1844-07-14	Salm, Constance de	Salm-Reifferscheidt-Dyck, Joseph Fürst und Altgraf zu	Kommentare zur geplanten Reise des SRD nach Düsseldorf. Zeitungsabonnements des Fürsten („Le Constitutionnel“, „le Journal des débats“, er fragt nach dem „Courrier français“). Sorgen um die Gesundheit des Félix de Francq und seiner Frau. Alexandre de Francq mit seinem Militärdienst sehr beschäftigt. CdS arbeitet an Biographien. Treffen mit Frau von Carlowitz und deren Tochter (CdS nicht begeistert). Auflistung der Abendgesellschaften u. a. mit Henri Duval, Mme. Cherubini, Herrn von Chalot, Achille Comte, Husson, Depping… CdS vermisst ihre „alten Gesellschaften“ mit Villenave (Vertrautheit), Boucharlat, Barbier.
5381		Brief	2022-10-26 11:58:13		1844-07-19	Salm, Constance de	Salm-Reifferscheidt-Dyck, Joseph Fürst und Altgraf zu	Ärger der CdS über Biographien, v. a. ihre eigene: Frage des Wappens – sie bevorzugt ein einfaches Siegelwappen (Doppelwappen kleineren Formats) auf der Titelseite. Unzufriedenheit mit Villenaves Biographie über sie: Nach ihrer Meinung wird ihre Tätigkeit als Constance Pipelet viel zu viel hervorgehoben, der Rest wird überflogen oder zu viel gelobt, und ihre wichtigen Épîtres („les plus beaux fleurons de ma couronne littéraire“ außer Acht gelassen. Will Villenave dazu bringen, den Text zu ändern. Hilfe im Lektorat durch Mademoiselle Grammont. CdS in ihrem Haushalt einsam, hat keine Frau als Vertrauensperson. Sorgen um Gesellschafterin in Dyck (Heimweh der „demoiselle“). Gesellschaft in ihrem Haus, u. a. Diner mit Ladoucette, Colet, Roux de Rochelle. Zahn- bzw. Gebissprobleme. Kann „S“ nicht richtig aussprechen.
5382		Brief	2022-10-27 10:01:23		1844-07-23	Salm, Constance de	Salm-Reifferscheidt-Dyck, Joseph Fürst und Altgraf zu	Schwermut der CdS wegen der großen Hitze in Paris. Daher wenige Einladungen – immerhin Raboteau, Montémont, Barbier, Boucharlat, Depping, Jullien. Publikation der Briefe der CdS und Verfassen ihrer Memoiren. Große Unsicherheit wegen der Publikation: Ihrer Meinung nach gibt es aus der Zeit ihrer ersten Ehe kaum wichtige Briefe, die ihre damalige Bedeutung gebührend hervorheben – denn damals sollen alle wichtige Leute persönlich zu ihr gekommen sein, um ihre Bewunderung auszudrücken. Nur Ausländer und junge „Literaturanwärter“ haben ihr tatsächlich schreiben müssen. CdS holt bei Barbier und SRD Rat ein. Sie denkt, dass sie in einer Einleitung die spärliche Anzahl der Briefe in ihrer Jugend erklären und in ihren Memoiren näher darauf eingehen wird. Gerüchte über Krieg gegen England in Nordafrika. Augenprobleme (Schwellung) der CdS. Sorgen um ihre Biographien – Villenave wird seine Version überarbeiten.
5383		Brief	2022-10-25 14:10:40		1844-06-09	Salm, Constance de	Francq, Félix, baron de	Probleme mit der Beschaffung von Pferden für die Strecke zwischen Dyck und Maastricht verschieben die Reise der CdS. SRDs Reise nach Düsseldorf. Abreise am kommenden Dienstag. „Cérémonie du drapeau“ [=Fahnenzeremonie ?] in Dyck. Bitte, Drais über die Verspätung nicht zu informieren. Organisation des Haushalts bzw. der Mahlzeiten in Paris. Anreise ihres Kochs, er kommt mit der Bahn. Müdigkeit und Erschöpfung der CdS. Bitte an Félix, ihren Freunden und Bekanntschaften mitzuteilen, dass sie deswegen nicht schreiben konnte. Traurige Nachrichten von Algerien durch die Zeitung.
5425		Brief	2022-10-26 06:59:00		1832-09-21	Salm, Constance de	Duval, Amaury	Sie hatte eben einen Brief an ihn abgeschickt, als sie seinen erhalten hat. Er war bereits besorgt, weil er so lange nichts von ihr gehört hat. Er ist auch niedergeschlagen wegen mehrerer schlechter Kritiken zu seinem letzten Werk. Sie hält aber wie einige andere ihrer gemeinsamen Freunde das Werk für sehr gelungen. Ihr neuestes Werk ist keine Épître, sondern eine Aneinanderreihung von literarischen und historischen Berichten. Die Cholera. In Dyck sind sie wohl sicher vor ihr. Ein Winter, den sie nicht in Paris, sondern in Dyck verbringt, ist für sie ähnlich schlimm wie die Cholera. Wiedersehen im Oktober in Paris. Sie wollte diesen Brief selbst schreiben, aber sie wird immer steifer. Das Alter.
5625		Brief	2022-10-27 12:45:06	C02/S09/291-293	1808-06-08	Salm, Constance de	Gudin de La Brenellerie, Paul-Philippe	Reflexionen über die Freundschaft, die Treue eines Mentelle, die „Untreue” eines Langlès, die übertriebene Bescheidenheit eines Bréguet. Dank für Nachrichten über Mlle George. CdS berichtet über ihren Mangel an Kenntnissen, was Wissenschaften betrifft, insbes. Astronomie (wegen Berichten über Delambre), und die Leidenschaft des SRD für die Botanik (sie selbst liebt Pflanzen sehr, aber sie braucht etwas, das auf ihre Leidenschaft eine wärmere Antwort gibt ...). Reflexionen über die Wichtigkeit der Zensur nach den Berichten, die sie über das Werk eines Bonnet gelesen hat. Literarische Tätigkeit der CdS. Der Brief enthält Verse.
5626		Brief	2022-10-19 09:00:30	C02/S09/349-350	1809-08-29	Salm, Constance de	Gudin de La Brenellerie, Paul-Philippe	CdS' Nachruf auf Lalande. Verse der CdS über die geschichtswissenschaftliche Tätigkeit des Gudin. CdS beschäftigt sich mit Versen („Epîtres morales“). Freche Verse der CdS über die Freunde (u.a. Langlès). Sie wird [Dyck] Anfang Oktober verlassen.
5627		Brief	2022-10-25 14:08:18		1810-09-14	Salm, Constance de	Gudin de La Brenellerie, Paul-Philippe	Besuch des Botanikers Candolle, der im Auftrag des Innenministeriums [=comte de Montalivet] die Landwirtschaft im Rheinland studieren soll. Reflexionen über die freie, schöpferische Tätigkeit versus die bloße Ausführung von Kunstwerken (für CdS ist z.B. das Zeichnen ohne Inspiration, bloße Ausführung). Ablehnung von nackter Darstellung von berühmten Männern. Landleben. Liebe der CdS für Hunde.
5628		Brief	2022-10-26 12:19:44	C02/S09/493-496	1811-07-25	Salm, Constance de	Gudin de La Brenellerie, Paul-Philippe	Verspätung bei den Antworten wegen Krankheit. Verswechsel zwischen Gudin und CdS nach ihrer Epître gegen Männer. Sie selbst als Frau hat aber weniger unter Kritiken der Männer zu leiden, vielleicht weil sie eine schöne Frau ist und eine Gräfin. Kritik des Klerus und der Prälaten im Konzil von Paris. Kontakt zu [Pauline] Borghese. Abneigung gegen das Landleben. Lob der Freunschaft.
5629		Brief	2022-10-19 09:00:30	1812-01-21	1812-00-00	Salm, Constance de	Gudin de La Brenellerie, Paul-Philippe	CdS vermisst ihren Freund Gudin und drückt es in Versen aus.
5630		Brief	2022-10-27 12:29:13	C02/S09/541-542	1812-02-05	Salm, Constance de	Gudin de La Brenellerie, Paul-Philippe	CdS schreibt Gudin in Versen und fordert ihn auf, zum Karneval das Institut zu verlassen.
5786		Brief	2022-10-27 12:28:34	CdS/02_2/190-191	1818-12-18	Salm, Constance de	Raboteau, Pierre Paul 	Kommentare zum Tod des Louis de Francq. Traurigkeit über die bevorstehende räumliche Trennung von SRD, die sie in den vergangenen zwei Jahren vermieden haben.
6145		Brief	2022-10-27 10:05:33		1845-04-08	Salm, Constance de	Salm-Reifferscheidt-Dyck, Joseph Fürst und Altgraf zu	Weiterleitung eines Briefs an SRD von einer Akademie. Wunsch der CdS, sich bei den Übersetzern ihrer Schrift „Bouton de rose“ durch Zusendung von ihren Werken zu bedanken. Notwendigkeit, eine vorsichtige Auswahl zu treffen, da manche ihrer liberalen und patriotischen Schriften dort Probleme machen könnten. Möglichkeit, eine frühere Ausgabe ihrer Werke aus der Restaurationszeit auszuwählen, die 'unschuldigere' Schriften enthält. Überlegungen, die Schriften durch den sardischen Botschafter zu übersenden. Bitte, dass sich SRD darum kümmert. Wunsch, ihre wichtigsten Werke in Italien bekannt zu machen.
6186		Brief	2022-10-26 07:05:13		1814-05-05	Salm, Constance de	Francq, Agathe Clémence, baronne de	Langeweile der CdS wegen regnerischer Sonntage. Irritation wegen der (unbeabsichtigten) Einmischung des SRD in ihre Haushaltsangelegenheiten. Beschreibung des neuen Arbeitskabinetts des SRD (grünes Papier mit Rosenbordüren, mit „Chiffre“ – Initialen – der CdS und des SRD auf dem Fensterladen). Veränderungen und Ersatz von Bildern in der Ahnengalerie. Steinfiguren im unteren Flur (Apollo, Antinoüs etc.). Mangel an Kunstverständnis der dortigen Bevölkerung. Hompesch hat Verse eines in CdS verliebten Leutnants auf deren Ehre in alten Almanachs gefunden und will sie nun, als Lieder umkomponiert, CdS vorbeibringen (Darunter: „Portrait de celle que j’aime“). Dieser Leutnant soll durch die Guillotine hingerichtet worden sein. Er hatte CdS 1. Ehe arrangiert. Deutschunterricht des Theophil von Hompesch bei Prof. Fuss in Köln (Deutschlehrer der CdS in Paris). Gesellschaftlicher Klatsch. Anbandeln zwischen dem jungen Herrn von Loe und einer Metternich. Ein „schöner Major“ verdreht allen Frauen den Kopf, er will aber nur eine reiche heiraten. Nacherzählung von Geschichten, die bei der Tafel erzählt wurden. Unsteter Lebenswandel der „kleinen Hompesch“ [Kleptomanie, Diebstahl?]. Haushaltsangelegenheiten. Neuer Hund der CdS, eine Hündin namens „Biche“. Familiennachrichten (Théis). Sehnsucht der CdS nach Minette und ihren Kindern, vor allem Constant. Erziehungsratschläge. Zeilen in deutscher Schrift.
6187		Brief	2022-10-25 14:10:40		1814-07-04	Salm, Constance de	Drais, Pierre	(zum Teil schlecht leserlich wegen des schlechten Zustands des Briefes) Abrechnung und Buchhaltung. Anweisung für kleine Sachen, die CdS in Paris vergessen hat (Wäsche in der Schublade etc.). Mit Anmerkung des Drais zur Weiterleitung an Minette.
6188		Brief	2022-10-26 08:33:06		1814-07-11	Salm, Constance de	Francq, Agathe Clémence, baronne de	Besuch des Drais bei Madame Tascher. Besprechung über Domestiken. Kostenvoranschläge zeigen große Umbaumaßnahmen in einem ihrer beiden Häuser. Bevorstehende Anreise der CdS nach Dyck.
6189		Brief	2022-10-26 07:01:57		0000-00-27	Salm, Constance de	Francq, Agathe Clémence, baronne de	Abreise des SRD und Organisation von dessen Garderobe. Unfug des Dienstmädchens Antoinette, das etwas „verrückt“ ist bzw. gerne trinkt. Finanzielle Angelegenheiten wegen beabsichtigter Schenkung an Minette. CdS nimmt Deutschunterricht.
6190		Brief	2022-10-26 07:01:57		1815-04-08	Salm, Constance de	Francq, Agathe Clémence, baronne de	Zeitungsnachrichten über die Lage in Frankreich : Belagerung von Laon. Ruhe im Rheinland. Besuch des gebildeten, kultivierten und attraktiven General Hompesch. Bevorstehende Reise des SRD. Langeweile der CdS, die nur ihre zwei Gesellschafterinnen und das Lottospielen als Zerstreuung hat.
6191		Brief	2022-10-25 14:10:40		0000-00-16	Salm, Constance de	Drais, Pierre	Kleiner Zwischenfall auf der Reise nach Aachen. Finanzielle Angelegenheiten. Haushaltsangelegenheiten für das Pariser Haus. Unzufriedenheit mit einem Dienstmädchen.
6192		Brief	2022-10-27 12:40:43		1814-07-19	Salm, Constance de	Théis, Alexandre Étienne Guillaume, baron de	Gute Ankunft auf Schloss Dyck. Bewegte Reise aus Belgien: In Richtung Brüssel traf sie auf betrunkene und unzufriedene belgische Soldaten, die sie fast angegriffen hätten. Später beinahe Auseinandersetzung mit einem preußischen Offizier, der sich vom Postillon der CdS verbal angegriffen fühlte. Besetzung von Dyck durch das preußische Militär; nach anfänglicher Aufregung Beruhigung der CdS, da die Offiziere ruhig sind und anständig Militärmusik und Lotto spielen.
6193		Brief	2022-10-27 12:40:43		1814-07-20	Salm, Constance de	Francq, Agathe Clémence, baronne de	Auseinandersetzung zwischen dem Postillon der CdS und einem preußischen Offizier auf der Rückreise in Belgien. Kleiner Empfang auf Schloss Dyck: vier Damen aus Liedberg (Kopp) und zwei preußische Offiziere (Besatzung). Am Abend Lotto- und Dominospiel, man trinkt Bier. Nächster Besuch wird die Locquenghien sein. Besserer Empfang der CdS als im vergangenen Jahr, guter Haushalt (Hausangestellter Leonhard), sehr gute Küche, schöner Obstgarten, schöne Pflanzenkübel. Unzufriedenheit mit dem Angestellten Xavier, der frech wird und seine Livrée nicht tragen will. Hauhaltsangelegenheiten bezüglich des Pariser Hauses. Durchreise durch Aachen: große Zufriedenheit mit der dortigen Wohnung.
6195		Brief	2022-10-26 07:07:07		0000-04-06	Salm, Constance de	Francq, Agathe Clémence, baronne de	Wunsch, dass es Minette auf dem Land gut geht. Frage nach Constant. Geldsache über Vingtain, die auch den alten Freund Martini involviert. Haushaltprobleme wegen eines Fräulein Hompesch, die Intrigen spinnt und stiehlt. Gute Hoffnungen für SRD. [Seite fehlt?].
6196		Brief	2024-06-05 09:15:54		1814-07-06	Salm, Constance de	Francq, Agathe Clémence, baronne de	Beschreibung des Militärs in und um Dyck. Abendveranstaltung auf Schloss Dyck am vorigen Abend : 40 Personen – Kopp, Carés (curés?), Wingold, d’Halberg, Locquenghien, Klein und acht preußische Offiziere mit dem Oberst. Bei Tisch wurde Musik gespielt (Instrument stand im „Zimmer mit 2 Betten“, dessen Tür offen blieb). CdS trug ihre Diamanten. Fanfaren. Beschreibung der Feier (Tänze, u.s.w.). „Danse du grand-père“: „Alt-Vater“ bzw. Großvatertanz. (Fortsetzung am 7.) Minettes Probleme mit ihrem Dienstpersonal und ihr Vorhaben, ein Haus auf dem Land zu kaufen. Bevorstehende Reise des SRD nach Wien. Kuss- und Handkussgewohnheiten der Franzosen und der Deutschen. Kurze Beschreibung des Militärs in Dyck und angehende Liebschaften.
6197		Brief	2022-10-27 12:13:18			Salm, Constance de	Francq, Agathe Clémence, baronne de	Sorgen um einen Dienstboten [? – Anfang des Briefs fehlt]. CdS lernt „akribisch“ Deutsch. Kleine gesellschaftliche Informationen.
6198		Brief	2022-10-27 12:40:43		0000-09-14	Salm, Constance de	Francq, Agathe Clémence, baronne de	Bedauern der CdS, dass das anvisierte neue Haus der Minette so weit entfernt von Paris ist. Reflexionen über Finanzen und Anlagen. Intrigen am Hof um neue Stellen und Pensionen, Angst des Barbier. Verliebtheit der Mlle. Raboteau. Ärger mit den Domestiken, Lügen und Intrigen. Überraschende Ankunft eines preußischen Generals, der in Laon gekämpft hatte, als CdS im Garten „im Négligé“ Äpfel pflückte. Ankunft und Empfang des Militärs.
6199		Brief	2022-10-27 13:14:02		1814-09-19	Salm, Constance de	Francq, Agathe Clémence, baronne de	Verschobene bzw. verfehlte Reisen („voyages manqués“) des Louis de Francq. Geplante Reise des SRD nach Wien, Unsicherheit über deren Dauer. Unsicherheit über ihre Reise nach Paris, wegen Truppenbewegungen im Rheinland und in Belgien. Besuch des Fürsten von Salm-Reifferscheidt-Krautheim bzw. Bedburg, er soll quasi bankrott sein, hat sein ganzes Geld bei „Geschäftsleuten“ verloren. Beschreibung der Frisur der CdS.
6200		Brief	2022-10-27 12:40:43		1814-08-30	Salm, Constance de	Francq, Agathe Clémence, baronne de	Ärger wegen Abwesenheit des Leonhard (Dienstbote) in der Vorbereitungsphase der Geburtstagsfeier des SRD, zu der 40 Personen eingeladen sind. Antoinette wird die Einzelheiten organisieren. Misstrauen gegenüber Xavier, der wahrscheinlich stiehlt (Holz aus der Küche, etc.) und mit Preisen spekuliert. Drais kümmert sich um die Angelegenheit. Besuch von Herrn und Frau von Hal[l]berg, die sehr eigenartig sind. Organisation des Militärs und der Nationalgarde im Rheinland (SRD Befehlhaber). Militärbesatzung bei den Nachbarn (Kopp), sich anbahnende Liebschaften. Beschreibung der Preußen. Finanzanlagen des Louis de Francq und der CdS. Klatsch und Geschichten. Frau von Hompeschs Fertigkeiten als Leiterin eines Gutshofs, hilft ihren Leuten – Zweifel [Missgunst?] der CdS. Neue Gesetze für die Übernahme des Wappens (und der Titel) der adeligen Familien.
6201		Brief	2022-10-27 12:40:43		0000-08-17	Salm, Constance de	Francq, Agathe Clémence, baronne de	Letzter Brief der Minette ist vom 3. August. CdS durch ihren Deutschunterricht sehr beschäftigt. Ein Arzt wohnt nun in Dyck. Oberst und Adjudant haben Dyck verlassen. Abendgesellschaft mit Kopp, Locquenghien, Klein und anderen Offizieren, die Hälfte der Gesellschaft blieb zum Übernachten wegen eines heftigen Gewitters. Rückkehr des Hompesch und bevorstehendes Treffen mit Frau v. Wittgenstein (September). Umorganisation von Wohnungen im Schloss, die Hompesch nicht zufrieden stellen. Besatzung des Militärs bei den Bauern, die ihre Abgaben daher nicht zahlen können bzw. wollen. Ein junger preußischer Adjudant ist in Louise Kopp verliebt. Fortschritte der CdS in der deutschen Sprache (mündlich, aber weniger schriftlich). Besuch des Kindes des jungen Loncquenghien: hübsches aber etwas trauriges Kind. Finanzielle Anlagen.
6202		Brief	2022-10-27 12:40:43		0000-08-11	Salm, Constance de	Francq, Agathe Clémence, baronne de	Freude über die beiden Nachrichten der Minette, vor allem über ihre gute Gesundheit und die Gesundheit ihres Kindes. Probleme mit dem Domestiken Xavier. Missmut der CdS darüber, dass die Hompeschs sich nicht melden, obwohl CdS und SRD deren Sohn unterstützt hatten. Aufenthalt des Militärs, Zufriedenheit mit dem jetzigen Regiment. CdS vermisst den Obersten und dessen Adjudanten, die nicht mehr in Dyck sind. Sie übte mit ihnen viel Deutsch, CdS arbeitet zurzeit an der Grammatik und den Deklinationen. Freude über Nachrichten aus ihrem Pariser Freundeskreis, Traurigkeit über die bevorstehende Abreise des SRD.
6203		Brief	2022-10-27 12:40:43		0000-00-23	Salm, Constance de	Francq, Agathe Clémence, baronne de	Domestikenprobleme der Minette. Gutes Einvernehmen mit den Besatzungstruppen, CdS hat sogar Geld beim Spiel gewonnen. Auf der Jagd war CdS mit einem Offizier spazieren, der kein Wort Französisch sprechen konnte: daher sehr amüsante Missverständnisse. Organisation der lokalen Nationalgarde, unter der Leitung von SRD; weitere Offiziere: Locquenghien, Sartorius, Baumeister. Zufriedenheit über diese Entscheidung, denn es fehlen in der Gegend Polizeikräfte. Jagd hat begonnen.
6204		Brief	2022-10-27 12:40:43		1814-09-02	Salm, Constance de	Francq, Agathe Clémence, baronne de	CdS durch Vorbereitung für das Fest für SRD am 4. September sehr beschäftigt, lässt den Brief durch Antoinette schreiben. Zum Fest werden Freunde und preußische Offiziere eingeladen, zum Dîner und zum Ball. Letzte Zeilen sind von der Hand der CdS
6205		Brief	2022-10-26 07:01:57			Salm, Constance de	Francq, Agathe Clémence, baronne de	Schlusssatz eines Briefs
6206		Brief	2022-10-27 12:43:23		1814-07-25	Salm, Constance de	Francq, Agathe Clémence, baronne de	Kleine Unannehmlichkeiten wegen einer Unvorsichtigkeit des Drais. Zufriedenheit mit dem Obersten und dem Adjudanten (Besatzungsoffiziere). CdS macht in der deutschen Sprache Fortschritte; da sie es gewöhnt ist, zu arbeiten, übt sie ebenso eifrig. CdS kann alle Zahlen auf Deutsch. Jetzt versteht sie auch die Hälfte von dem, was man ihr sagt. Sie hat 2 Grammatikbücher. Ihr Lehrer ist Sartorius, er wird täglich zur Mittagsstunde kommen. Besuch der Kopps, ein junger Offizier macht Louise Kopp den Hof, ihn interessiert weniger Fräulein Klein, die keine Konversation beherrscht. Verschiebung der Hochzeit des Fräulein Klein. Kopp, Klein, Hompesch und Locquenghien sind angenehme Nachbarn. Zuneigung der CdS zu ihrem Enkelkind (Constant) wegen dessen Fröhlichkeit und Schönheit. Unzufriedenheit der Minette mit dem Domestiken Xavier. Zufriedenheit der CdS mit Leonhard, der ihren Haushalt organisiert. Musik am Abend während eines Dîners.
6208		Brief	2022-10-27 12:40:43		1814-00-12	Salm, Constance de	Francq, Agathe Clémence, baronne de	Minette hat ihr Haus verkauft. CdS mochte dieses Haus und drückt ihre Unzufriedenheit darüber aus, dass das Vermögen, wie es im Ehevertrag stand, nun ganz aus Kapital besteht. CdS hat noch keine Nachrichten aus Wien (SRD), es sind schon 3 Wochen vergangen. Nachricht, dass die Truppen bald das Land verlassen werden, Erleichterung darüber, vor allem wegen der Belastung der Bauern und der Unruhen, die dadurch entstehen. Pläne für die Miete ihrer Wohnung in Paris, finanzielle Angelegenheiten. Nachrichten vom Onkel de Théis und von dessen Sohn Adolphe.
6209		Brief	2022-10-27 12:40:43		1814-00-03	Salm, Constance de	Francq, Agathe Clémence, baronne de	Ungutes Gefühl der CdS wegen der Beschreibung der Güter in Château-Thierry durch Minette. Sie rät, keine Renovierungsarbeiten zu unternehmen, die nicht wirklich rentabel sind. Neue Gesellschafterin der CdS. Angenehme Gesellschaft der Offiziere. Sie können zwar Französisch, aber manchmal mischt sich die Sprache mit Deutsch, so kann CdS für ihre Fortschritte in dieser Sprache davon profitieren. Sie übersetzt Zeitungsartikel ins Französische mithilfe eines Wörterbuches; Sprechen und Verstehen fällt ihr aber noch schwer. Empfehlungen der CdS an Minette für das Zahnen ihres Kindes sowie weitere Gesundheitsratschläge. Die junge Frau von Loe gibt ihrem jungen Kind jeden Morgen etwas starken Wein, was CdS ihr nicht empfehlt. Streitereien in der Nachbarschaft, die mit der Vergiftung eines Hundes enden. Banden von Dieben sollen die Umgebung plündern, man hat kleine Patrouillen aus Bauern organisiert sowie Wachen. Im Winter will CdS nach Paris. St-Mars ist wieder zum Colonel de régiment ernannt worden und hat die Croix de Saint-Louis erhalten.
6210		Brief	2022-10-27 12:43:23		1814-11-00	Salm, Constance de	Francq, Agathe Clémence, baronne de	Ärger der CdS über Umzugsunannehmlichkeiten der Minette. Minettes Ehemann (Louis de Francq) soll einen ängstlichen Charakter haben, der sich viele Sorgen um nichts macht. CdS wartet auf die Rückkehr ihres Mannes, um dann nach Paris zu kommen. Ein Major macht CdS‘ „demoiselle“ den Hof, aber es wird keine Folgen haben. Fortsetzung des Deutschunterrichts, Fortschritte der CdS im Verstehen, weniger im Sprechen. Übersetzung von Zeitungen, allerdings mit Lücken. Sie wird auch „Begluck“ (?) singen. Besuch der Locquenghien, Annäherungen zwischen den Mädchen und den Offizieren, was sie vielleicht kompromittieren könnte. Ratschläge der CdS zur Erziehung des Constant de Francq im Vergleich zur Erziehung der Minette in ihrer Jugend: Das Kind soll oft spazieren können, in der Nähe des Pariser Hauses der Minette ist ein Garten, für Minette musste CdS früher zum fernen „jardin de l’abbaye“ [Saint-Germain??] laufen.
6211		Brief	2022-10-27 13:13:06		1815-00-30	Salm, Constance de	Francq, Agathe Clémence, baronne de	Verschicken des Briefs an Minette durch Martini. SRD zurück ohne feste Entscheidung über seine Angelegenheiten – sei es Politik oder Finanzen. Freude der CdS über die guten Nachrichten über ihr Haus (beabsichtigter Hausverkauf): Bitte um Vorbereitung eines Termins mit Drais und Vingtain. Bevorstehende Reise der CdS nach Paris: Schmerz über Trennung von ihrem Mann, den sie eben nach langer Abwesenheit wiedergesehen hat. Ein Soldat wurde verurteilt, weil er eine Frau misshandelt hatte. Kleiner Abschiedsgruß der CdS in Kurrentschrift.
6212		Brief	2022-10-27 12:40:43		0000-00-27	Salm, Constance de	Francq, Agathe Clémence, baronne de	Sorgen der CdS wegen Ausbleiben von Nachrichten von Minette. Besuch des Locquenghien, der 2 Jahre mit seiner Schwester Leonore in Dougé (?) gewesen ist und diese Gegend sehr schätzt. Fortsetzung am 28. CdS empfängt weder Briefe noch Zeitungen aus Frankreich, anscheinend gibt es ein Problem mit der Post. CdS hofft, das Minette ihre Briefe an Drais gegeben hat. Briefe von SRD angekommen, er wollte am 27. oder 28. abreisen, sollte also bald in Dyck eintreffen. Gute Hoffnung, einen „gewissen Titel“ zur erlangen [Standeserhebung?], es soll aber noch geheim bleiben. Sehr angenehmes Militär, mit angenehmen und zivilisierten Manieren (anders als „der Major“, der zwar „den guten Ton“ trifft, aber eher „im militärischen Stil“). Eine Gesellschafterin der CdS ist von dem jungen Mann etwas verzaubert, denn sie hat seit langer Zeit keine Nachrichten mehr von ihrem Verlobten und ist daher etwas melancholisch. CdS hat mit ihr Klartext gesprochen, damit sie nicht in eine unglückliche Geschichte verwickelt wird.
6213		Brief	2022-10-27 12:40:43		0000-00-07	Salm, Constance de	Francq, Agathe Clémence, baronne de	Viel Beschäftigung der CdS: Haushalt, Einquartierung des Militärs, Korrespondenz, Finanzen, sie kann nichts delegieren, denn ihre Leute sind „ängstlich“ und sind nicht in der Lage, eine Entscheidung zu treffen. Sorgen und Ärger wegen einer Gesellschafterin („L.“), die nach CdS‘ Meinung wahrscheinlich geistig etwas gestört ist. Der „Major“, der seinerseits verheiratet ist (das Mädchen ist verlobt) macht ihr einen viel zu intimen Hof; er ist ein alter Casanova, assistiert von einem Adjutanten. Arrangement zwischen Minette und CdS für ihre Dienstmädchen in Paris.
6214		Brief	2022-10-27 13:14:02		1814-12-24	Salm, Constance de	Francq, Agathe Clémence, baronne de	Affäre des Angriffs [Versuch der Vergewaltigung?] auf das erste Kammermädchen der CdS – die Militärbehörde fragt das Opfer, vor welchem Gericht der Angeklagte erscheinen soll. Das Militär will die Angelegenheit verschweigen und bittet CdS um Vermittlung bei dem Mädchen, damit der junge Soldat nicht zum Tode oder zu lebenslanger Haft verurteilt wird. Nach vielen Verhandlungen willigt das Opfer ein, dass sie sich mit der militärischen Degradierung und öffentlichen Bastonaden des Soldaten begnügt. CdS ist am Ende mit ihren Nerven, verträgt die „Feigheit“ der Menschen in diesem Lande nicht mehr und will nur noch nach Paris zurück. Ärger über diesen Konflikt zwischen militärischer und ziviler Gerichtsbarkeit sowie über den Nachteil, den die Frau erleiden wird, und die Ungerechtigkeit der Behandlung. Fortsetzung am 25. Weiterhin Ärger wegen der Angelegenheit des Dienstmädchens – man behauptet, sie hätte „eingewilligt“. Versuche der CdS, Gerechtigkeit und Klarheit über den Fall zu erlangen. Fortsetzung am 27. Für Minette : CdS schickt den Brief für ihren Bruder Alexandre an ihre Tochter, die jetzt die Empfängerin der Nachricht wird. Die vom Soldaten misshandelte Frau ist erkrankt und spuckt Blut. Haushaltsangelenheiten in Paris (Dienstpersonal). Besuch der Locquenghien; Louis ist zurück nach Krefeld, Odile bleibt hier. SRD seit 3 Monaten abwesend; seine Rückkehr hängt von der politischen Entwicklung ab sowie von einer finanziellen Angelegenheit (18.000 Gulden). Im Großen und Ganzen geht es CdS gut, 1814 war ein zufriedenstellendes Jahr trotz aller kleinen Sorgen. Grüße zum neuen Jahr. Grüße von Masquette (Hündin), die einen großen Appetit hat.
6215		Brief	2022-10-27 13:14:02		1815-01-00	Salm, Constance de	Francq, Agathe Clémence, baronne de	Rückkehr des SRD wieder verschoben, daher will CdS Ende Januar nach Paris und wird Minette rechtzeitig darüber informieren. Sie hat Herrn Pissot informiert, damit er ihre Wohnung vorbereitet (Teppiche, etc.). Sie bringt den Koch und Xavier mit und wird in der Küche die „Alte“ nehmen, um Neueinstellungen zu vermeiden. CdS will ihr Haus verkaufen und ein anderes, kleineres Haus, möglichst im gleichen Stadtteil kaufen. Der misshandelten Frau geht es immer noch sehr schlecht. Preußische Militäreinquartierungen bleiben so mindestens bis zum Ende des Kongresses. CdS liest dem Major die Geschichten der Minette vor und hat ihm das abgeschnittene Haar des Constant gezeigt – große Diskussion darüber, ob es blond oder rot ist.
6217		Brief	2022-10-27 12:29:51		1815-01-25	Salm, Constance de	Francq, Agathe Clémence, baronne de	Brief aus Aachen. CdS bleibt etwas länger wegen einer starken Erkältung und eines erwarteten Besuchs der Frau von Hompesch. Schnee und Kälte. Sie hat den „gouverneur général“ und „Madame de Quentin“ getroffen, ansonsten kennt sie niemanden, sie langweilt sich in Aachen „zu Tode“. Bornheim begleitet sie bis Brüssel. Sie lässt die Offiziere in Dyck zurück, die traurig darüber sind, dass sie geht – vor allem der Major (sie kokettiert mit ihren 48 Jahren). Sie wird Chokier in St Trond sehen. Bitte um baldigen Verkauf ihres Hauses.
6218		Brief	2022-10-27 13:14:02		1815-01-00	Salm, Constance de	Francq, Agathe Clémence, baronne de	Herr von Hompesch aus Rurig ist in Dyck sowie dessen Neffe, der Graf von Mosti, und Herr von Bornheim. Fortführung der Einquartierung des Militärs. Nachrichten aus dem Haushalt, Domestiken (Leonhard, Scheben, Renard, Greverath, Heller und Xavier, Mademoiselle Antoinette etc.). CdS hat bei sich abwechselnd Fräulein Kopp, das Frl. von Locquenghien, die Odile von Laach [oder Haach?], die in einer Woche Dyck verlässt und von Herrn v. Bornheim ersetzt wird. Bau von Zäunen im Park auf der Seite von Aldenhoven und des Klosters. Fortschritte in der deutschen Sprache. Unklarheit über die Abreise des SRD aus Wien. CdS wartet auf Nachrichten über ihr Haus in Paris.
6219		Brief	2022-10-27 12:40:43		1815-00-00	Salm, Constance de	Francq, Agathe Clémence, baronne de	Übernachtung in Valenciennes, unangenehme Reisesituation wegen des Militärs, des Krieges etc. Hat einen Neffen (Cousin der Minette) getroffen. Unternehmungen der CdS um ihm beruflich zu helfen (Beilage eines Briefs) und ihn seiner Familie in Paris näher zu bringen. Sorgen um das Haus in Paris.
6220		Brief	2022-10-26 07:01:57		1815-04-21	Salm, Constance de	Francq, Agathe Clémence, baronne de	Problem mit der Post: CdS hat keine Briefe aus Frankreich erhalten. SRD endlich angekommen. Hompesch zu Besuch. Freude darüber, dass Minette eine gute Zeit auf dem Land verbringen wird. Hoffnung, dass ihr Haus gut vermietet ist. Gute Wünsche zur Gesundheit der Minette, die ihr zweites Kind erwartet. Die kleine Locquenghien hat noch keinen einzigen Zahn. Der „Père abbé“ kann nicht kommen, dafür Pfarrer Evelt, der malt.
6221		Brief	2022-10-26 07:01:57		1815-07-24	Salm, Constance de	Francq, Agathe Clémence, baronne de	Sorgen der CdS, da sie seit dem Krieg keine Nachrichten mehr von Minette erhalten hat. Findet, dass Minette besser in Paris als auf dem Land gewesen wäre. Sie hat auch keine Nachrichten von ihrem Bruder. Sie hat aber einen kleinen Brief von Martini erhalten.
6222		Brief	2022-10-27 12:40:43		1815-04-00	Salm, Constance de	Francq, Agathe Clémence, baronne de	Gute Reise, keine Armeen an der Grenze gesehen, trotz aller Gerüchte. Überquerung der Grenze scheint leicht zu sein, dagegen ist das Versenden von Briefen schwieriger. Hat die Jubert [Jobert?] wiedergesehen, denen es gut geht. Den nächsten Brief schickt sie aus Valenciennes. Gute Wünsche für die Gesundheit, vor allem für Minettes Ehemann, Louis de Francq.
6223		Brief	2022-10-26 07:01:57		1815-07-29	Salm, Constance de	Francq, Agathe Clémence, baronne de	Fehlende Nachrichten von Minette, Drais und Alexandre de Théis. Zeitungen schreiben, dass Laon immer noch belagert ist – aber nach ihren Informationen sollte es in der Gegend von Minettes Haus ruhig sein. Sie bittet um Zusendung von Minettes Briefen an die Adresse von Chokier – bzw. durch den Grafen von Gondremont (?) in Nancy. Trennungen in diesen Krisenzeiten sind das Grausamste, was man sich vorstellen kann.
6224		Brief	2022-10-26 07:01:57		0000-00-05	Salm, Constance de	Francq, Agathe Clémence, baronne de	Domestikenangelegenheiten. Diesen Winter kann CdS wahrscheinlich nicht nach Paris kommen, da sie zuviel beschäftigt ist. Dafür wird sie nach Holland und Brüssel reisen.
6225		Brief	2022-10-26 07:01:57		0000-00-10	Salm, Constance de	Francq, Agathe Clémence, baronne de	Ärger der CdS über Hausangestellte Mademoiselle Jaillot und Madame Artaud. Besuch des Monsieur de Subéro (?) bei Francqs. Zufriedenheit mit den Offizieren [Bülow? – Namen schwer lesbar]. Besuche des Prous – sein Sekretär Wimers ist sehr zuverlässig und hilfreich –, und der Hompesch. Eifersucht eines Dienstmädchens gegenüber Leonhard. Bella wird einen Kaufmann von Uerdingen, Herrn Herbst, heiraten.
6226		Brief	2022-10-27 12:40:43		1815-08-04	Salm, Constance de	Francq, Agathe Clémence, baronne de	CdS hat seit zwei Tagen keine Post von Minette erhalten, heute einen Brief von Humboldt erhalten. Wenige Nachrichten, nur über die Zeitungen, aus Frankreich, Sorgen um Laon. Feier für den König [von Preußen] mit der Landmiliz im nahe gelegenen Kloster. Anwesenheit der jungen Frau von Locquenghien, die im 5. Monat schwanger ist. Gesellschaftlicher Klatsch. Sorgen um die Gesellschafterin Odile. Viele Offiziere übernachten auf Dyck, kommen auch mit ihren Ehefrauen, die nach Paris wollen. Besuche der Wittgenstein. CdS liebt und vermisst Aachen. Unzufriedenheit der CdS mit manchen Gästen und mit den durch die Besatzung verursachten Ausgaben (rund 40 Personen müssen täglich versorgt werden), daher lässt sie neue Haushaltsbücher anfertigen, um eine komplette Inventur zu machen und die Buchhaltung zu kontrollieren, und lässt Vorratsräume neu einrichten. Beschreibung dieser Einrichtungen und der Küchenökonomie. Einkauf von neuen Schlafdecken, Geschirr etc. für die Soldaten. Schlechtes Betragen von manchen Domestiken u.a. wegen Alkohol (Koch, maître d’hôtel): CdS entlässt einige. Einer kam sogar mit einem Messer in der Hand und sagte, betrunken, dass er alle Protestanten umbringen wollte. Masquette hat einen Welpen bekommen, er heißt „Nique“. Sorgen um ihren Bruder, da noch keine Nachrichten.
6227		Brief	2022-10-27 12:40:43		0000-08-31	Salm, Constance de	Francq, Agathe Clémence, baronne de	Brief an Minette aus Aachen, wie versprochen, CdS fährt in dem Augenblick nach Dyck zurück. Unterkunft bei Frau Fink in Aachen, im gleichen Haus wie die Familie Maison. Alle Herbergen sind voll von Soldaten. Gesellschaftliche Nachrichten. Die Regierung soll am 1. Januar nach Düsseldorf umsiedeln. Vor- und Nachteile des Landlebens.
6229		Brief	2022-10-26 07:01:57		0000-04-25	Salm, Constance de	Francq, Agathe Clémence, baronne de	Bevorstehende Reise der CdS nach Aachen. Drais hat ihre Absicht, nach Paris zu reisen, missverstanden. Besuch von Odile sowie von Familie Hompesch. Gesellschaftlicher Klatsch. Kleine gesundheitliche Unannehmlichkeiten.
6230		Brief	2022-10-26 07:01:57		0000-08-13	Salm, Constance de	Francq, Agathe Clémence, baronne de	Dank für die Zusendung von Haaren des Constant, die kaum dunkler sind als vor einem Jahr, sie ist aber sicher, dass er dunkelhaarig sein wird, CdS und Minette sind flachsblond. Alexandre hat großen Appetit. Berichte über Minettes Leben durch Monsieur de Bornheim, der in Dyck zu Besuch ist. Bornheim dient nicht mehr in der Landwehr und ist darüber verärgert. Er ist seit kurzem verwitwet. Die kleine Fanny [Tochter? Unklar] der Frau von Gumppemberg ist ebenfalls gestorben (Tuberkulose). Ihre Mutter hatte CdS angeboten, sie zu sich zu nehmen, aber CdS wollte das nicht, hatte wegen früherer Zerwürfnisse nicht darauf reagieren wollen. Mit dieser Familie hat CdS nur Ärger. Beleidigende Kommentare eines Verwandten des SRD über CdS, die CdS über Odile erfährt. Odile bewundert aber diesen „Prinzen“ abgöttisch, dieser will nach Düsseldorf umsiedeln. Nähen einer 2. Mütze. Geschicklichkeit des Materne [=Gärtner], der Koch ist wieder zurück. Es herrscht wieder etwas Ordnung im Haushalt.
6231		Brief	2022-10-26 07:01:57		0000-08-19	Salm, Constance de	Francq, Agathe Clémence, baronne de	CdS beruhigt ihre Tochter und empfiehlt ihr, nicht zu viel Zeit an der Seite ihres Kindes zu verbringen, damit sie sich nicht überstrapaziert, sie braucht noch Energie für die Entbindung; Ratschläge einer Mutter an ihre Tochter für die Entbindung, sie soll sich beruhigen und alles wird gut gehen wie beim ersten Mal, sie soll sich nicht beklagen, CdS hatte bei der eigenen Entbindung von Minette viel mehr gelitten als Minette bei Constant. Zeitungen berichten von Aufruhr in Paris. Sie soll nun Mut fassen, es wird ein gesundes Kind zur Welt kommen. Hebamme hat CdS vorhergesagt, es soll ein Mädchen werden. CdS hat in letzter Zeit nur einen recht langweiligen und langen Brief von Martini erhalten. Einsamkeit und Irritation der CdS. Bevorstehende Reise nach Aachen. Kleine gesundheitliche Beschwerden ((Ferse).
6232		Brief	2022-10-26 07:01:57		0000-07-10	Salm, Constance de	Francq, Agathe Clémence, baronne de	Brief an Minette wird durch Graf Mosti geschickt, da die Postverbindungen über England besser sein sollen. Hoffnung, dass der Krieg Minette und ihren Onkel [de Théis] auf dem Land nicht berührt. CdS hat nur durch die Zeitungen Nachrichten über Frankreich. Schlechtes Wetter (starker Regen).
6233		Brief	2022-10-27 12:40:43			Salm, Constance de	Francq, Agathe Clémence, baronne de	Gesundheitliche Beschwerden der CdS (Migräne, Kreislauf, Blutdruck, Zähne). Rhabarber tut ihr gut. CdS hofft, dass die Entbindung bzw. Folgen der Entbindung von Minette gut verlaufen sind. Langweilige und langatmige Abende auf Schloss Dyck; die „Herren“ (Soldaten) unterbrechen diese zum Glück mit Spielen („piquet“, „loto“) und dem Vorlesen von Zeitungen. CdS plant, eine Wohnung in Aachen zu finden, wo sie ihre Gesundheit und „gelangweilte Gesellschaftskreise“ pflegen kann. Sorgen wegen der „kleinen Hompesch“, die wahrscheinlich wieder „Dummheiten“ gemacht hat. CdS hat wieder Lust zu arbeiten, lässt aber ihren Deutschunterricht beiseite. Zeitungen kündigen den Frieden an, Freude und Erleichterung der CdS. Freude darüber, dass Minette die Gedichte der CdS an Madame Raiffner [?? Unleserlich] weitergeleitet hat. König war in Aachen, SRD versuchte ihn dort anzutreffen, aber der Zeitplan war zu eng.
6234		Brief	2022-10-26 07:01:57		0000-00-08	Salm, Constance de	Francq, Agathe Clémence, baronne de	CdS hat Tinnitus (sowie Bluthochdruck und Mittelohrentzündung und weitere Beschwerden). CdS wartet ungeduldig auf die „großen Nachrichten“ (d.h. Entbindung) von Minette. CdS wünscht im nächsten Jahr Minette und ihre Kinder in Dyck zu haben, vielleicht, indem sie sie selber abholt. Sie würde eine neue, praktischere Wohnung in Paris suchen. Pläne für die Wohneinrichtung.
6235		Brief	2022-10-26 07:01:57		1815-10-08	Salm, Constance de	Francq, Agathe Clémence, baronne de	Freude der CdS über den Hauskauf durch Minette in Paris. CdS würde ihre Möbel dort lassen.
6236		Brief	2022-10-27 12:40:43		1815-10-01	Salm, Constance de	Francq, Agathe Clémence, baronne de	Pause in der Korrespondenz wegen Erkältung der CdS. Kommentare über die Nachrichten der Minette über das Haus der CdS und dessen Bewohner. Bornheim in der Landwehr als Major. Armut und Hungersnot. Zeitungsberichte über Frankreich bereiten CdS Sorgen. Wunsch nach Frieden. Einquartierung von Offizieren und Soldaten auf Schloss Dyck; Beschreibung der von CdS vorbereiteten Zimmern in den Nebengebäuden. Beschreibung des Verhaltens der Soldaten. Restaurierungsarbeiten des Pater Evelt (Deckengemälde, Flur). Beschreibung von einigen Zimmern. CdS ist von Evelt begeistert, sie wird bei ihm auch Gemälde für die „große Wohnung“ bestellen. Gute Unterstützung des Sekretärs. Besserung der Gesundheit.
6237		Brief	2022-10-27 12:28:34		1815-09-02	Salm, Constance de	Francq, Agathe Clémence, baronne de	Ungeduldiges Warten der CdS auf die Entbindung der Minette. Gesundheitsangelegenheiten der Minette und der CdS. Solange der Frieden nicht geschlossen ist, will CdS in Dyck bleiben. Familiensinn der CdS („ma famille l’emportera sur tout“): Sie will, sobald es möglich ist, ihre Tochter und Enkelkinder sehen. Unzufriedenheit der CdS mit Drais, der sich anscheinend nicht getraut hat, ihren Haushälterinnen alles weiterleiten, was sie ihnen zu sagen hatte. Nachrichten aus Frankreich kommen allmählich, wenn auch veraltet. CdS ist alleine und erleichtert darüber, Frau von Hompesch und der Fürst von Salm sind weg. Haushaltsangelegenheiten (Koch). Brief von Raboteau, Freude darüber, er ist ein wahrer Freund.
6238		Brief	2022-10-26 07:01:57		1815-00-26	Salm, Constance de	Francq, Agathe Clémence, baronne de	Warten auf die Entbindung der Minette. Bitte um Weiterleitung eines Exemplars ihrer „Poésies“ an Madame de Ruifner (?), es soll die Ausgabe von 1814 sein (mit rotem Einband). Haushaltsangelegenheiten.
6239		Brief	2022-10-26 07:05:13		1815-09-12	Salm, Constance de	Francq, Agathe Clémence, baronne de	Minette hat geschrieben, dass sie das Land für Paris verlassen wollte (wegen der bevorstehenden Entbindung). Kommentar über das Kinderkriegen und das Kinderglück. Empfehlungen für die Zeit nach der Geburt. Haushalts- bzw. Domestikenangelegenheiten. Kleine Haushaltsunannehmlichkeiten in Dyck (Krankheit der Köchin). Kirchweih, die Hausangestellten wollen alle hin und es ist schwierig, Ordnung zu halten, dazu ist ein Hausangestellter immer betrunken, SRD hat ihn eben entlassen. Besuch des Fürsten von Salm-Krautheim. Vergnügen mit dem Besuch der Familie von Hompesch (mehr mit ihm, weniger mit ihr, die nach CdS‘ Meinung „oberflächlich“ ist). Verkupplungsversuche für Fräulein von Hompesch. Jagd. Brief von Amaury Duval, er ist zufrieden mit dem Geschäft, das er mit Minette ausgehandelt hat [Haus].
6240		Brief	2022-10-26 07:01:57		1815-09-15	Salm, Constance de	Francq, Agathe Clémence, baronne de	Brütende Hitze in Dyck. Am vorigen Tag hat CdS 4 Briefe von Minette erhalten, von Mai und Juni sowie vom 9. September. Haushaltsangelegenheiten, Unzufriedenheit mit Pariser Domestiken.
6241		Brief	2022-10-27 12:40:43		1815-09-03	Salm, Constance de	Francq, Agathe Clémence, baronne de	Missverständnis wegen Drais über Reise der CdS nach Paris: sie wird nicht kommen, sie hatte es nur angedeutet wegen des Hauses, daraus entstand ein Missverständnis. Sorgen wegen der Anwesenheit von Truppen in der Nähe von Minettes Haus, CdS wünscht sich daher, dass Minette in Paris entbindet. Empfehlung für die Gesundheit und die Pflege. Haushaltsangelegenheit (Wohnung der Jaillot). Präsenz von Offizieren auf Schloss Dyck (ein Oberst und 2 Adjudanten). Ein Offizier kennt Paris, rue de Vaugirard. Das Wetter ist wieder schön, nach einem sehr regnerischen Sommer. Beschreibung des Haushalts, strenge Überprüfung der Haushaltsrechnungen und der Buchhaltung durch CdS. Die „kleine Hompesch“ überprüft die Küchenangelegenheiten. Zufriedenheit mit Wimers, eine „süßer Schatz und Schlingel“.
6242		Brief	2022-10-26 08:22:18		1815-09-08	Salm, Constance de	Francq, Agathe Clémence, baronne de	Besuch der Hompeschs, die für eine Woche bleiben. Besuche auf dem Land sind etwas Wertvolles. Im Allgemeinen lebt jeder für sich zurückgezogen. Hausangestellte sind fast alle krank, Militär ist in Dyck einquartiert: rien ne va plus. Drais scheint immer noch zu glauben, dass CdS kommen wird. Landleben ist viel gesünder für Kinder. CdS sucht nach Hemden, die vielleicht in Paris sind (sie glaubt, sie nach Paris mitgenommen zu haben, „im Jahre der Kosaken [1814]“). Ärger über Madame Artaud. Großer Besuch bzw. Essen und Gesellschaft zum Geburtstag von SRD mit „3 Hompesch“, „3 Locquenghien“ (nicht Odile, die nicht mehr ausgeht), General Hompesch, Louise und Bella, Herrn Prous, Bellas Verlobtem, ihrem Bruder mit seiner Frau (Nichte von Kopps), Herrn Kopp, Klein, die „3 Maison“: 24 Leute zu Tisch. Besuch in Liedberg. Gesellschaftlicher Klatsch, Eifersüchteleien zwischen den beiden Schwestern Prous (Louise ist in den Verlobten von Bella verliebt, der sie früher geliebt hatte). Unvorsichtigkeit der Eltern. Ein berühmter holländischer Botaniker ist in Dyck zu Besuch, der CdS durch seine Langsamkeit sehr nervt. Zeilen in Kurrentschrift.
6243		Brief	2022-10-25 14:09:56		1815-09-01	Salm, Constance de	Drais, Pierre	Erster Teil des Briefs an Drais : Geschäfts- bzw. Finanzangelegenheiten. In Aachen spricht man von Frieden, was CdS sehr wünscht nach so langen Kriegsjahren. Vorbereitungen auf den Geburtstag des SRD. Nachrichten aus Paris kommen wieder. CdS‘ Hündin hat sich über ihre Rückkehr gefreut, aber schmollt etwas und will nicht mehr auf ihr Bett kommen. Zweiter Teil an Minette: Herr Herbst aus Uerdingen wird Bella heiraten – ursprünglich wollte er Louise heiraten, die zu hochnäsig war und ihn nicht wollte, weil er nicht adelig ist, daher hat er die Jüngere um ihre Hand gebeten.
6244		Brief	2022-10-27 12:43:23		1815-10-30	Salm, Constance de	Francq, Louis Bernard, baron de	Unzufriedenheit über die Abreise des Monsieur Gay (Arzt), aber sein Vertreter Monsieur Evret (?) wird auch zuverlässig sein. Freude über den 2. Sohn des Louis de Francq, Glückwünsche. Kommentare zur Stimme und Musik. Colonel Saint-Mars war in Paris. Louis hatte berichtet, dass Minette bereit wäre, wieder schwanger zu werden, um eine Tochter zur Welt zu bringen; CdS warnt vor den Anstrengungen der Entbindung, deswegen sollte Minette sich noch schonen.CdS hofft auf Besuch der ganzen Familie in Dyck. Die jungen Nachbarinnen kommen wenig, seitdem Minette in Frankreich ist, vielleicht liegt es an CdS‘ Eigenschaft als Französin (obwohl sie jetzt Deutsch kann), CdS ist beleidigt darüber, „vernachlässigt“ zu werden. SRD ist in Aachen, um sich mit v. Bülow und dem Fürsten von Hardenberg zu treffen. CdS hat einen Tinnitus. Zeitungen aus Frankreich kommen nicht mehr an, Gerüchte sagen, sie seien im Rheinland jetzt verboten, dafür erhält sie Zeitungen aus Lüttich und Brüssel, die leider nur über politische Nachrichten, nicht über das kulturelle und literarische Leben berichten. Bitte um kulturelle Nachrichten aus Paris. Bereut, Alexandre („Alexandre Bernard Simette“) nicht sehen zu können.
6245		Brief	2022-10-26 07:01:57		1815-11-02	Salm, Constance de	Francq, Agathe Clémence, baronne de	Krankheit der CdS (Ohr, Tinnitus), klirrende Kälte in Dyck. Jeder ist krank. Abendgesellschaft am vorigen Abend: Familie Reinhard und Familie Wingold. Reinhards Rolle in der französischen Politik. Weiterführung am 3. Oktober: SRD ist zurück aus Aachen, sagt, dass die französischen Zeitungen gar nicht verboten sind, wie die Gerüchte es verbreiteten, es sind nur Postprobleme, die deren Empfang im Rheinland verhindern. CdS wünscht sich, Alexandre zu sehen. Ankunft von Pflanzen aus England. Masquette (Hund) rennt nach den Mäusen, sie hat viel zu tun, denn die Katzen sind alle tot. Renovierungsmaßnahmen auf Schloss Dyck. Versuche der CdS, auf Deutsch zu schreiben.
6246		Brief	2022-10-27 12:40:43		1815-11-10	Salm, Constance de	Francq, Agathe Clémence, baronne de	Gärtner Materne hat geheiratet, ist wieder zurück und arbeitet tagsüber für CdS: er kümmert sich um (Obst-)Gartengestaltung. Wäschearbeit wurde Frl. Laach abgenommen (nachdem sie sie 30 oder 40 Jahre erledigt hat) und einer anderen Hausangestellten anvertraut. Verschiedene Haushaltangelegenheiten, Beschreibung der Organisation auf Schloss Dyck, mit Aufteilung der Domestiken, deren Bezahlung. Eifersucht zwischen den Domestiken. Empfehlungen für Minettes Haushalt. Nachrichten aus der Zeitung über Truppenbewegungen nach Deutschland; Lage der Einquartierungen in Dyck. Gesundheitsprobleme der CdS (Ohr). Kommentare über ihre Enkelkinder Alexandre (der den gleichen Vornamen hat wie CdS‘ Vater) und Constant. Empfehlungen für deren Erziehung. Finanzangelegenheiten (Drais). Fortsetzung am 11.: Lieferung von Heu für die Pferde, die Kavallerie wird bald auf dem Schloss einquartiert werden. Renovierungsarbeiten. Schöne Gartengestaltungen auf Schloss Dyck, es wird langsam bekannt. Schlusssatz am 12.
6247		Brief	2022-10-26 07:01:57		1815-11-08	Salm, Constance de	Francq, Agathe Clémence, baronne de	Geburtstag der CdS am vorigen Tag, in 2 Jahren wird sie 50. Mit etwas Glück – sollte Minette ihr eine Enkelin schenken – wird sie eines Tages sogar Urgroßmutter sein. Gesundheitsprobleme. Bevorstehende Heirat der Bella Kopp. Umbau- und Renovierungsmaßnahmen. Finanz- und Verwaltungsangelegenheiten der Minette (Pächter).
6248		Brief	2022-10-27 12:40:43		1815-11-18	Salm, Constance de	Francq, Agathe Clémence, baronne de	Stress mit den vielen Einquartierungen. Gute Organisationstalente der „petite Hompesch“. CdS versucht, sich mit ihren Deutschkenntnissen durchzuschlagen. Die Ehefrau eines Offiziers sieht Minette sehr ähnlich, mit einem fröhlicheren Charakter. Spiel am Abend. Haushaltsangelegenheiten (Hausangestellte); eine Frau kann nicht richtig nähen, CdS muss die Schnitte selber ausschneiden. CdS will, dass Drais Minettes Wohnung in Paris zum „pied-à-terre“ für CdS erklärt. Ausbleiben der Zeitungen aus Paris, CdS leidet darunter. Alexandre soll CdS ähnlich sehen.
6249		Brief	2022-10-27 12:28:34		1815-11-19	Salm, Constance de	Francq, Agathe Clémence, baronne de	Anweisungen für Geschäfte, die Drais ausführen soll; es handelt sich u.a. um eine Vollmacht und Steuerangelegenheiten für Immobilien in Paris. Sogen um die Gesundheit des Martini, er spuckt Blut und arbeitet trotzdem zu viel. Klagen über das Aussterben ihrer Freunde, es ist im Alter schwieriger, neue Freundschaften mit jungen Leuten zu schließen. Danke für Zusendung von Haaren des Alexandre, gleiche Haarfarbe wie CdS („flachsblond – blond de lin“), später wird die Haarfarbe so dunkel sein wie die seines Vaters. Erkältung der CdS, täglich wechselnder Besuch von Militär. Nähen von Kleidern, CdS hat sich eben eine Nachthaube genäht. Brief von Alexandre de Théis. Strenge Überprüfung der Küchenregister – CdS weiß jetzt auch alles, was man aus einem Schwein ziehen kann, daher kann man nichts „wegschmuggeln“. Die junge Frau von Locquenghien ist auch entbunden, von einem Jungen.
6251		Brief	2022-10-27 12:40:43		1815-09-17	Salm, Constance de	Drais, Pierre	Danke für die Zusendung der detaillierten Abrechnungen. Nachricht durch Minette, dass Madame Artaud die Soldaten in einer Wohnung unterbringen wollte (Wohnung des Portiers), CdS will nicht, denn sie könnte jeden Augenblick nach Paris kommen. Große Hitze in Dyck.
6252		Brief	2022-10-27 12:40:43		1815-12-09	Salm, Constance de	Francq, Agathe Clémence, baronne de	Freude über den langen Brief der Minette mit vielen Einzelheiten über ihre Familie und ihren Haushalt. Freude darüber, dass sie beabsichtigt, im Sommer nach Dyck zu kommen. CdS versucht auf diplomatische Art, diese Reise auf das darauffolgende Jahr [1817] zu verschieben: Die Kinder werden älter sein, Minette kann schon früher kommen, da ihre Pariser Geschäfte abgewickelt sein werden usw. Zudem hat CdS 1816 große Ausgaben im Haushalt gemacht (Einquartierungen, Reise des SRD nach Berlin); CdS plant auch, nach Paris zu kommen. Ärger der CdS darüber, dass Minette bzw. ihr Ehemann immer noch bei CdS in Paris logieren, auf ihre Kosten. Drais soll ihr eine neue Wohnung suchen, sie will ihre zum 1. Oktober zurückbekommen. Trauer über Martinis Tod. SRD ist seit längerer Zeit in Berlin, große Hoffnungen werden auf diese Reise gesetzt, damit er seine Rechte, seinen Stand vom König bestätigt bekommt, wie es dem restlichen Teil seiner Familie anerkannt wird. Schreckliches Wetter, viele Tote. Eine Gartenhilfe, Nerus, ist gestorben, ebenso der Gärtner, plötzlich in seinem Bett in seinem Zimmer, in dem sich Pflanzensamen sowie eine Flöte und eine Geige befanden. Kleine Gesundheitsbeschwerden der CdS (Ohr), Prous ist sehr krank, Odile lässt nichts mehr von sich hören. Weitere Nachrichten aus der Nachbarschaft. Schlechte Verbindungsstraßen, seitdem das Militär nicht mehr da ist. Die Einsamkeit der CdS, die Ruhe auf dem Lande, der Verlust der Freunde, die großen Lebensveränderungen und Unsicherheiten bringen CdS dazu, sich viel mehr nach innen zu wenden und ihr eigenes, persönliches Glück zu schaffen. Sorge, dass Constant zu sehr verwöhnt und ein „kleiner Adolphe“ wird [Adolphe de Théis, Vetter des Constant].
6253		Brief	2022-10-26 07:01:57		1815-12-07	Salm, Constance de	Francq, Agathe Clémence, baronne de	Seit einer Woche schreibt CdS wieder Gedichte, Erklärungen kommen von Drais. Sie freut sich auf diese Tätigkeit, nach so viel Mühe in der deutschen Sprache. Ihr Werk scheint ihr sehr gut zu sein, aber sie zweifelt an dessen Erfolg wegen der Intrigen. Dank der CdS für die zwei letzten Briefe der Minette, diese scheint aber traurig zu sein, CdS empfiehlt ihr etwas Zerstreuung, ihr Mann sollte sich mehr um sie kümmern. CdS hat Vingtain angeschrieben wegen des [Verkaufs ihres] Hauses; es wurden ihr anscheinend 250.000 livres angeboten. Bald ist es ihr Namenstag, der zwar am 12. ist, aber am 10. gefeiert wird.
6254		Brief	2022-10-27 12:40:43		0000-00-29	Salm, Constance de	Francq, Agathe Clémence, baronne de	Empfang des Briefs der Minette zusammen mit dem Brief des Martini. Erschöpfung und Überarbeitung des Martini. Gute Nachrichten von der Gesundheit der Kinder und des Ehemannes der Minette. Im Alter sollte man ein ruhigeres Leben führen. Rückkehr des Tinnitus der CdS. Gesellschaft [Bornheim, Weihe?]. Einquartierungen von Soldaten werden erwartet, eventuell muss CdS ihre Reise nach Aachen absagen. Freuden an der Gartengestaltung. CdS hat ihre 3. Mütze (Nachthaube) genäht. Nachrichten durch Drais [etwas kompliziertes System von Auszügen, die ausgeschnitten werden? Unklar]. Minettes Ehemann will kein 3. Kind, denn er möchte keinen 3. Sohn. CdS bietet aber an, sollte Minette gerne ein 3. Kind wollen und sollte es ein Sohn werden, würde sie einen von den Söhnen übernehmen. Es wurden eben 3 Ratten [vom Hund?] gefangen und in der Galerie „ausgestellt“. Bella hat geheiratet, Louise muss in Liedberg bleiben, Odile gibt CdS keine Lebensfreude mehr, alle Katzen sind gestorben.
6255		Brief	2022-10-27 12:40:43		1815-11-25	Salm, Constance de	Francq, Agathe Clémence, baronne de	Dank für die Zusendung von Haaren des Constant, die kaum dunkler sind als vor einem Jahr, sie ist aber sicher, dass er dunkelhaarig sein wird, CdS und Minette sind flachsblond. Alexandre hat großen Appetit. Berichte über Minettes Leben durch Monsieur de Bornheim, der in Dyck zu Besuch ist. Bornheim dient nicht mehr in der Landwehr und ist darüber verärgert. Er ist seit kurzem verwitwet. Die kleine Fanny [Tochter? Unklar] der Frau von Gumppemberg ist ebenfalls gestorben (Tuberkulose). Ihre Mutter hatte CdS angeboten, sie zu sich zu nehmen, aber CdS wollte das nicht, hatte wegen früherer Zerwürfnisse nicht darauf reagieren wollen. Mit dieser Familie hat CdS nur Ärger. Beleidigende Kommentare eines Verwandten des SRD über CdS, die CdS über Odile erfährt. Odile bewundert aber diesen „Prinzen“ abgöttisch, dieser will nach Düsseldorf umsiedeln. Nähen einer 2. Mütze. Geschicklichkeit des Materne [=Gärtner], der Koch ist wieder zurück. Es herrscht wieder etwas Ordnung im Haushalt.
6256		Brief	2022-10-27 12:40:43		1815-12-15	Salm, Constance de	Francq, Agathe Clémence, baronne de	Fehlende Nachrichten von Minette, im letzten Brief berichtete diese vom Abendessen mit den Saint-Mars und der Krankheit des jüngsten Kindes sowie der Eskapaden ihres Vetters Adolphe, Sorge der CdS um ihn. Kommentare zu Charaktereigenschaften der Kinder. Langlès sollte sich nicht in die Angelegenheiten des Adolphe einmischen. Nachrichten aus der Dienerschaft, Gemeinheiten des Leonhard gegenüber der kleinen Hompesch, um diese und Wimers vor CdS zu diskreditieren. Einquartierung von 4 Offizieren und 13 Soldaten sowie einem Dutzend Pferde. Besuch der Locquenghien, in seinem Haus ist ein Brand ausgebrochen. Fortsetzung am 13.: Unzuverlässigkeit der Zeitungslieferungen, nur die Zeitungen aus Lüttich und Brüssel („L’Oracle“) kommen zuverlässig an. Prous war zu Besuch; seine Verse und seine Konversation. Louise, die geistige Anregung braucht, ist auf Liedberg nicht glücklich – dort bereiten die Damen z.B. Blutwurst zu. Unzufriedenheit mit der Einfältigkeit ihrer Kammerzofe.
6257		Brief	2022-10-26 07:01:57		1815-10-27	Salm, Constance de	Francq, Agathe Clémence, baronne de	Glückwünsche zur Geburt des zweiten Kindes und Sohnes (Alexandre), der Vater hat geschrieben und scheint sehr zufrieden zu sein. Zufriedenheit über die Haltung der Madame Artaud. Bevorstehende Heirat der Bella.
6258		Brief	2022-10-26 07:01:57		1815-12-21	Salm, Constance de	Francq, Agathe Clémence, baronne de	Danke für die Briefe. CdS hat Mentelle geschrieben. Die Haushaltsangelegenheiten regeln sich, auch wenn die Wahrheit recht schwierig durchzuschauen ist (Intrigen des Leonhard).
6259		Brief	2022-10-27 12:40:43		1815-12-29	Salm, Constance de	Francq, Agathe Clémence, baronne de	Brief zum Jahresende. Angelegenheit des Hausverkaufs bzw. der Hausmiete (Vingtain). Madame Moreau hat im vergangenen Jahr das Haus der Madame Gay für 16.000 livres gemietet – Minette soll Drais darauf ansprechen. Der „Major“ (Besatzungsoffizier) kam vorbei mit seinem Sohn, er wird beurlaubt und kehrt für ein paar Monate zu seiner Familie zurück. Er ist ein angenehmer Zeitgenosse, wenn er keinen Rum trinkt. Beschreibung der Kleidung der bretonischen Bauern. Empfehlungen des Arztes Docteur Gay für CdS‘ Bein. Kommentare über die Gesellschaft in Paris. Probleme der Einquartierungen auf Schloss Dyck. Machtspiele in der Dienerschaft. CdS hat mit dem Deutschunterricht aufgehört. Kommentare zu einer Schwindlerin, mit der Minette etwas zu tun hatte bzw. über die sie berichtet hat [unklar]. Korrespondenz mit Raboteau über ihren „Discours“ für den Wettbewerb des Instituts. Sorgen über Adolphe de Théis, der ein unruhiger Geist ist. Freude über die Gesundheit der Kinder Minettes. Kommentare über ihre Charaktereigenschaften und die Verwandtschaft. Orkanartiger Wind wütet auf Dyck. Anekdoten.
6260		Brief	2022-10-26 07:01:57		1816-01-01	Salm, Constance de	Francq, Agathe Clémence, baronne de	Krankheit der CdS. Wünsche zum neuen Jahr. Kommentare zur Angelegenheit der Mademoiselle Pissot (?), Drais soll sich um die Unterlagen kümmern.
6261		Brief	2022-10-27 12:40:43		1816-01-12	Salm, Constance de	Francq, Agathe Clémence, baronne de	Langer Brief mit vielen Einzelheiten zum Leben der CdS. Alexandre wurde gegen Pocken geimpft. Beschreibung des Constant. Empfehlungen für Finanzangelegenheiten, sie war mit den Entschlüssen ihrer Tochter und ihres Schwiegersohnes nicht ganz einverstanden, auch Raboteau war besorgt. Angekündigter Besuch der Minette in Dyck im April. CdS hat durch Drais ihre Verse [über Mentelle?] schicken lassen. Mentelle ist gestorben und sie will über ihn eine „Eloge“ schreiben, sie beauftragt daher Minette, Frau Mentelle über Mentelles Leben zu befragen und sie zu bitten, ein paar Zeilen zu schreiben. Herr Le Tronc [Letrône?] , Schüler des Mentelle, soll ihr bibliographische Informationen geben. Traurigkeit über den Verlust des alten Freundes, alle alten Freunde sterben aus. Minette soll sie mit weiteren Enkelkindern trösten. Reflexionen über die Kürze des Lebens. Der Ortsrichter hat seine Tochter (Mademoiselle Klein) verloren, großer Schmerz. Gefühlskälte der Odile. Erleichterung über die Genesung des Constant. Kommentare zur Pissots Angelegenheit, um die Drais sich kümmern soll. Jeder ist beschäftigt auf Schloss Dyck. SRD verfasst einen Katalog [über Botanik]. Maler- bzw. Restaurierungsarbeiten des Pater Evelt. Verfassen von neuen Haushaltsregistern. Tüchtigkeit und Klugheit des Wimers. Berichte über die weiteren Dienstboten. Ankunft eines Majors und eines Obersten; der Oberst soll 3 Monate in Paris auf Stroh geschlafen haben, im Gärtnerhaus der Pauline Borghese. Sturm. Bitte um Zusendung von Büchern (Neuerscheinungen) in der üblichen kleinen Kiste („boîte“).
6262		Brief	2022-10-26 08:18:36		1816-01-04	Salm, Constance de	Francq, Agathe Clémence, baronne de	Sorge um das Verhalten des Pissot – finanzielle Sorgen, CdS hofft, dass da kein Betrug vorliegt. Bitte, Drais zu informieren, damit sie das nicht noch einmal schreiben muss. Ärger wegen Madame G. [=Gay?], die nicht so angenehm ist wie ihr Ehemann. Kränklichkeit der CdS.
6263		Brief	2022-10-26 08:18:36			Salm, Constance de	Francq, Agathe Clémence, baronne de	CdS hat das Haus gesehen, aber es ist sehr renovierungsbedürftig. Erstellung eines neuen Kostenvoranschlags durch den Architekten. Es wurden kleine Wohnungen für 3000 Francs angeboten. Fürst/Prinz August [von Preußen?] kam zu Besuch und fragte SRD, ob er nicht eine Madame Pipelet geheiratet hat. Treffen mit Madame Gay. Abreise wahrscheinlich am morgigen Tag oder übermorgen.
6264		Brief	2022-10-26 07:01:57		0000-00-25	Salm, Constance de	Francq, Agathe Clémence, baronne de	Zusendung eines Briefs für Vingtain, in dem sie dem Notar sagt, dass sie bereit ist, das Haus für 270.000 Francs zu verkaufen. Sie will, dass der Kunde das gesamte Haus besichtigt. Schönheit des Hauses (kurze Beschreibung). Sie möchte sich ein kleineres Haus kaufen, mit wenig Renovierungsarbeiten. Mit dem Differenzbetrag zwischen Hausverkauf und Hauskauf unter Abzug der Schuldentilgung will CdS eine kleine Rente in Frankreich haben. Bitte um Zusendung von verschiedenen Hauseinrichtungsgegenständen. Älteste Schwester von Odile ist sehr krank.
6265		Brief	2022-10-27 12:40:43		0000-00-07	Salm, Constance de	Francq, Agathe Clémence, baronne de	Finanzangelegenheiten, Betreuung durch Drais. Drais scheint CdS’ Briefe nicht immer richtig zu lesen. Angelegenheiten stocken. Krankheit der Tochter des Ortsrichters [Klein] nach der Geburt ihres Sohnes. Warten auf Einquartierungen bzw. Aufenthalt von Offizieren (Offizier und seine Frau sowie 4 Kinder, zwei Offiziere etc.)
6266		Brief	2022-10-27 12:40:43			Salm, Constance de	Francq, Agathe Clémence, baronne de	Nachrichten von Odile Locquenghien. Einquartierungen. CdS bittet Minette, ihre Briefe gut zu versiegeln. Finanzangelegenheiten, die Drais betreuen soll.
6267		Brief	2022-10-26 07:01:57		1816-01-28	Salm, Constance de	Francq, Agathe Clémence, baronne de	Geburtstag der Minette. Vermittlungen des Drais [für den Hausverkauf], ein Engländer ist an dem Haus interessiert. CdS wünscht sich eine kleinere, ruhige, leicht zu bewirtschaftende Wohnung, ihr Alter (bald 50) spielt auch eine Rolle, sie hat nicht mehr so viel Kraft wie früher. Den Sommer würde sie in Dyck verbringen. Unzuverlässigkeit der Post, Bitte um gute Versiegelung der Briefe. Gesundheitszustand. Einquartierungen, man muss die Rechnungen zweimal überprüfen. Die Locquenghien haben sich immer noch nicht gemeldet, was CdS beunruhigt und irritiert. Klein, der Ortsrichter, war auch nicht da, seitdem seine Tochter gestorben ist. CdS erhält keine Zeitungen aus Paris, nur aus Lüttich, die wenig über Frankreichs Politik berichten. Domestikenangelegenheiten. Man sagt, dass CdS als Kind ihrer Großmutter Théis ähnlich sah. Zeile in Kurrentschrift.
6268		Brief	2022-10-26 07:01:57		0000-00-24	Salm, Constance de	Francq, Agathe Clémence, baronne de	Ankunft und Aufenthalt in Aachen (Brief wegen dursichtigen Papiers und dunkler Tinte schwer lesbar).
6269		Brief	2022-10-26 08:19:00			Salm, Constance de	Francq, Agathe Clémence, baronne de	Verschickung eines Briefs geschäftlichen Charakters wegen eines Transportunternehmens aus Köln (Unzufriedenheit über die Preise). Besuch [in Aachen] des Monsieur Gay mit einer Tochter sowie der Tochter der Madame Allard. Beschreibung von Kleidern.
6270		Brief	2022-10-27 12:29:51			Salm, Constance de	Francq, Agathe Clémence, baronne de	Zusendung von Pillen. CdS wäre gerne länger in Aachen geblieben, diese Stadt gefällt ihr und sie hat dort schon viele Kontakte.
6271		Brief	2022-10-26 07:01:57		0000-02-26	Salm, Constance de	Francq, Agathe Clémence, baronne de	Kälte und Karneval. Einsamkeit. Schreiben von Briefen. Verschiedene Besuche. Beschreibung der Heilmethoden für ihr Ohr. Krankheit der Masquette, die viel zu viel gegessen hat. Nachrichten aus dem Leben auf Schloss Dyck. Räuberbande soll in der Gegend wüten, aber sie stehlen nur Schweine.
6272		Brief	2022-10-26 07:01:57			Salm, Constance de	Francq, Agathe Clémence, baronne de	(Kurzer Notizbrief) Brief der Minette noch nicht eingetroffen.
6273		Brief	2022-10-27 12:40:43		0000-02-18	Salm, Constance de	Francq, Agathe Clémence, baronne de	Sorgen über die Gesundheit des Louis de Francq. Große Sorgen um Martini [er ist inzwischen gestorben]. Kommentare über den letzten Brief der Minette,. SRDs bevorstehende Abreise, Melancholie der CdS. Beschreibung ihres kleinen Salons. Haushaltsangelegenheiten. Bevorstehender Besuch einer jungen Familie: Sorge darüber, wo die kleinen Kinder untergebracht werden, damit es nicht zu kalt ist, das Militär hat alles besetzt.
6274		Brief	2022-10-26 07:07:07		1816-02-15	Salm, Constance de	Francq, Agathe Clémence, baronne de	Strenger Winter seit einer Woche. Große Ausgaben. Besuch einer jungen Familie [Locquenghien?] mit Kindern. Einsamkeit der CdS, zudem ist SRD unterwegs. Sie wünscht, ihre Tochter und Familie zu sehen, aber es soll Minette überlassen bleiben – es scheint als wolle sie von einem Besuch abzuraten, indem sie alle Umstände auflistet, die sich durch unterschiedliche Gewohnheiten ergeben würden. Widersprüchliche Auskünfte über Martinis Zustand [der inzwischen gestorben ist]. Kleine Anekdoten aus Dyck. (Der Brief ist wegen des durchsichtigen Papiers schwer lesbar).
6275		Brief	2022-10-27 12:28:34		0000-00-20	Salm, Constance de	Francq, Agathe Clémence, baronne de	Reise der Minette, Beschwerlichkeit einer solchen Reise mit zwei kleinen Kindern. Reise des SRD, diese soll angeblich nicht von langer Dauer sein. Sie plant, danach nach Paris zu reisen, davor nach Solitude [?unklar]. Ärger der CdS über ihren Schwiegersohn, der anscheinend andere Pläne hat als seine Frau – und CdS für das Haus der CdS in Paris: Das Haus wurde der Familie nur für die Zeit der Geburt von Alexandre geliehen. Pläne für die Vermietung. Aussterben der Freunde (Mentelle, jetzt Martini)
6276		Brief	2022-10-26 07:07:07		1816-02-08	Salm, Constance de	Francq, Agathe Clémence, baronne de	Große Sorgen um den Gesundheitszustand des Martini. Empörung über dessen Dienstmädchen, über deren Verhalten Minette berichtet hatte. Kommentare über Martinis Verhalten und Charakter. Bevorstehende Reise des SRD nach Berlin, um verschiedene Geschäfte abzuwickeln. Strenge Kälte und Schnee
6277		Brief	2022-10-26 07:01:57		1816-02-03	Salm, Constance de	Francq, Agathe Clémence, baronne de	Krankheit der Minette, Folge des Winters. Reise des SRD nach Düsseldorf, Besuch eines „Colonel“ und des Monsieur Prous. Landleben ist der Gesundheit viel zuträglicher. CdS bittet Minette, den Ratschlägen ihres Arztes, Monsieur Gay, zu folgen. Zufriedenheit der CdS mit ihrem Schwiegersohn, der sich um Minette gut kümmert – positiver Charakterzug eines älteren Ehemannes. Langeweile der CdS auf Schloss Dyck, wenn SRD nicht da ist („une vraie prison“). Krankheit der Domestiken.
6278		Brief	2022-10-27 12:11:27		1816-00-17	Salm, Constance de	Francq, Agathe Clémence, baronne de	Unwohlsein der CdS, sie hat vom Arzt Pillen verschrieben bekommen, die ihr Blut „in Wallung“ bringen. Ärger wegen der Erben des Martini, es handelt sich um eine von CdS finanzierte Rente. Gespräche über Drais und Vingtain. Die Ansprüche der Erben erinnern sie an die Dreistigkeit der Mademoiselle Raoul. Hompesch ist zu Besuch; er hat das Porträt des Kindes der Minette [Alexandre] bewundert. Schlechtes Wetter, Gute Nachrichten von SRD. Odile hat drei Verehrer. Neuer Gärtner. Renovierungsarbeiten im Arbeitszimmer des SRD (Beschreibung); Pater Evelt malt dort schöne Pflanzen aus dem Gewächshaus des SRD. Grüße von den Hunden Masquette, Masco und Noirette.
6279		Brief	2022-10-27 12:40:43		1816-02-07	Salm, Constance de	Francq, Agathe Clémence, baronne de	Freude über den langen Brief der Minette mit vielen Einzelheiten über ihre Familie und ihren Haushalt. Freude darüber, dass sie beabsichtigt, im Sommer nach Dyck zu kommen. CdS versucht auf diplomatische Art, diese Reise auf das darauffolgende Jahr [1817] zu verschieben: Die Kinder werden älter sein, Minette kann schon früher kommen, da ihre Pariser Geschäfte abgewickelt sein werden usw. Zudem hat CdS 1816 große Ausgaben im Haushalt gemacht (Einquartierungen, Reise des SRD nach Berlin); CdS plant auch, nach Paris zu kommen. Ärger der CdS darüber, dass Minette bzw. ihr Ehemann immer noch bei CdS in Paris logieren, auf ihre Kosten. Drais soll ihr eine neue Wohnung suchen, sie will ihre zum 1. Oktober zurückbekommen. Trauer über Martinis Tod. SRD ist seit längerer Zeit in Berlin, große Hoffnungen werden auf diese Reise gesetzt, damit er seine Rechte, seinen Stand vom König bestätigt bekommt, wie es dem restlichen Teil seiner Familie anerkannt wird. Schreckliches Wetter, viele Tote. Eine Gartenhilfe, Nerus, ist gestorben, ebenso der Gärtner, plötzlich in seinem Bett in seinem Zimmer, in dem sich Pflanzensamen sowie eine Flöte und eine Geige befanden. Kleine Gesundheitsbeschwerden der CdS (Ohr), Prous ist sehr krank, Odile lässt nichts mehr von sich hören. Weitere Nachrichten aus der Nachbarschaft. Schlechte Verbindungsstraßen, seitdem das Militär nicht mehr da ist. Die Einsamkeit der CdS, die Ruhe auf dem Lande, der Verlust der Freunde, die großen Lebensveränderungen und Unsicherheiten bringen CdS dazu, sich viel mehr nach innen zu wenden und ihr eigenes, persönliches Glück zu schaffen. Sorge, dass Constant zu sehr verwöhnt und ein „kleiner Adolphe“ wird [Adolphe de Théis, Vetter des Constant].
6280		Brief	2022-10-27 12:29:51		1816-03-08	Salm, Constance de	Francq, Agathe Clémence, baronne de	CdS hat inzwischen, seit dem gestrigen Brief, die Antwort der Minette auf ihre früheren Bitten wegen der Pariser Wohnung erhalten; sie hätte früher antworten sollen, dann hätte CdS im gestrigen Brief nicht so verärgert geschrieben. Sie plant, im Oktober nach Paris zu kommen, um ihre Hausangelegenheiten zu regeln (Hausverkauf etc.). Auch sind Arztbesuche geplant (Zähne und Ohren). Danach können alle mit CdS nach Dyck zurückkehren, sie braucht dann 4 Pferde für die Kutsche: angenehme Reise und Aufteilung der Reisekosten. Finanzielle Angelegenheiten, die durch SRD vermittelt werden. Reges gesellschaftliches Leben in Berlin. Kommentare über das Porträt des Alexandre.
6281		Brief	2022-10-27 13:05:23		1816-00-19	Salm, Constance de	Francq, Agathe Clémence, baronne de	CdS hat eben ihrem Bruder, Herrn von Hompesch und SRD einen Brief geschrieben. Warten auf die Nachricht, ob SRD in seinen Ansprüchen Recht bekommen hat [Standeserhebung in den Fürstenstand]. Zeitungen berichten von Unruhen in Frankreich. Sorgen der CdS, jedesmal wenn die französischen Zeitungen verspätet ankommen. Nachrichten über Madame Maison. Besuch von Kopp, Prous und Louise, die anscheinend sehr betrübt ist, CdS weiß aber nicht, weswegen. Gesellschaftlicher Klatsch mit vielen Informationen über die Gewohnheiten und Manien der Leute, die CdS besonders irritieren. Besuch von Frau v. Locquenghien und Odile – Beschreibung deren Charakters und deren Verhaltens. Haushaltsangelegenheiten. Heirat eines v. Loe mit einer v. Metternich.
6282		Brief	2022-10-27 12:08:17		1816-00-22	Salm, Constance de	Francq, Agathe Clémence, baronne de	Langeweile auf dem Lande. Prous hat starke Depressionen („saisi d’une vapeur de mélancolie si forte“). Mme Kopp und Louise fühlen sich auf Liedberg nicht wohl. CdS ist darüber dankbar, dass sie auf dem Land aufgewachsen ist, sodass sie der Einsamkeit des Landlebens seelisch widerstehen kann. Domestik Renard hat in Neuss den Arzt aufgesucht. Gesundheitliche Beschwerden der CdS. Sie sieht älter und „ehrwürdiger“ aus, was ihr nicht so gefällt; Beschreibung ihres Gesichts und ihres Aussehens. Probleme mit den Zähnen. Ärger darüber, dass Minettes Vorderzahn kaputtgeht. Louise hat wieder einen Verehrer abgelehnt, weil er für sie nicht genug sei; deren Liebesprobleme. Freude über den Garten der Minette auf dem Land. Das Abendessen wird „Mon Excellence“ serviert (sie ist nun Fürstin).
6283		Brief	2022-10-26 07:01:57		1816-04-28	Salm, Constance de	Francq, Agathe Clémence, baronne de	Dank für die Zusendung von Haaren des Constant, die kaum dunkler sind als vor einem Jahr, sie ist aber sicher, dass er dunkelhaarig sein wird, CdS und Minette sind flachsblond. Alexandre hat großen Appetit. Berichte über Minettes Leben durch Monsieur de Bornheim, der in Dyck zu Besuch ist. Bornheim dient nicht mehr in der Landwehr und ist darüber verärgert. Er ist seit kurzem verwitwet. Die kleine Fanny [Tochter? Unklar] der Frau von Gumppemberg ist ebenfalls gestorben (Tuberkulose). Ihre Mutter hatte CdS angeboten, sie zu sich zu nehmen, aber CdS wollte das nicht, hatte wegen früherer Zerwürfnisse nicht darauf reagieren wollen. Mit dieser Familie hat CdS nur Ärger. Beleidigende Kommentare eines Verwandten des SRD über CdS, die CdS über Odile erfährt. Odile bewundert aber diesen „Prinzen“ abgöttisch, dieser will nach Düsseldorf umsiedeln. Nähen einer 2. Mütze. Geschicklichkeit des Materne [=Gärtner], der Koch ist wieder zurück. Es herrscht wieder etwas Ordnung im Haushalt.
6285		Brief	2022-10-27 12:08:17		1816-00-09	Salm, Constance de	Francq, Agathe Clémence, baronne de	Es fehlen wahrscheinlich Teile des Briefs, der Brief ist auf verschiedene Zettel aufgeteilt. ; 7; Je ne fais pas encore partir la lettre à Drais aujourd’hui, ma chère Minette;; Wohnverhältnisse der CdS in Paris: Pläne einer Veränderung. Gagenerhöhungen des Monsieur Fleury, geplante Gagenerhöhung für Madame Jaillot, da Drais CdS informiert hat, dass sie eventuell einen anderen Platz sucht. Unzufriedenheit der CdS über ihre Bediensteten, Haushaltsangelegenheiten und Vermietung des Pariser Hauses. Schreckliches Wetter, soll nach dem Hundertjährigen Kalender bis zum 23. andauern. CdS ist beleidigt, weil Frau v. Hompesch sie nicht einlädt, unter verschiedenen Ausreden. Glückwünsche des Chokier zu ihrem neuen Stand als Fürstin, sie schätzt ihn wegen seines offenen Geistes, er ist oft nach Paris gereist. Er ist Abgeordneter in Holland. Louise flirtet mit Prous, den sie „Papa“ nennt, obwohl er Anfang 40 ist. Beschreibung ihrer Perücke aus Köln.
6286		Brief	2022-10-26 07:01:57		1816-06-01	Salm, Constance de	Francq, Agathe Clémence, baronne de	Nachrichten durch Drais über den Gesundheitszustand der Minette. Der Arzt Gay hat ihm erzählt, dass Minettes Gesundheitsprobleme mit dem langen Stillen verbunden sind. CdS sagt ihrer Tochter, sie soll Alexandre abstillen und nachts schlafen.
6287		Brief	2022-10-27 12:29:51		1816-06-07	Salm, Constance de	Francq, Agathe Clémence, baronne de	Missverständnis in den Briefen: Minette hatte verstanden, dass CdS nach Berlin reisen wollte, was nicht in Frage kommt. Die Angelegenheit [Standeserhebung] ist geklärt, SRDs Sachen laufen gut, Zufriedenheit mit der Regierung. Er verkehrt viel mit sehr hohen Persönlichkeiten und macht (bzw. plant) Reisen nach Karlsruhe oder Weimar, um sie zu besuchen, was CdS für eine Zeit- und Geldverschwendung hält. Zudem wird SRD „très coureur“ [= flirtet viel], das sind die Nachteile, wenn man jemanden heiratet, der viel jünger ist. Der Ältere will sich ausruhen, der Jüngere will laufen. Minette könnte auch so sein, aber sie ist ruhiger als CdS im gleichen Alter, damals war CdS voller Energie. Kommentare über das Alter und die Lasten einer jungen Ehefrau und Mutter, die ganz anders sind als die romantischen Träume eines jungen Mädchens. Mit 30–40 Jahren genießt man wieder die Gesellschaft und hat wieder mehr Freiheiten. Sorgen über Duval (anscheinend finanzielle bzw. gesundheitliche Sorgen, Wohnungsprobleme). Kommentare über ihren neuen Titel und die Anreden, die damit verbunden sind. Zahnprobleme, sie hat in Paris ihren Zahnarzt angeschrieben [Catalan?]. Einsamkeit. Sie hat den neuen Landrat, Monsieur Propper [eigentlich Pröpper], eingeladen, Locquenghien, den Ortsrichter [Klein], Hompesch. Vermutung über eine Intrige [unklar] des Fürsten von Salm aus Düsseldorf.
6288		Brief	2022-10-26 08:28:25		1816-00-24	Salm, Constance de	Francq, Agathe Clémence, baronne de	Ärger wegen des Sohnes des Martini, der Rückstände aus einer Rente verlangt. CdS findet diese Ansprüche lächerlich. Gute finanzielle Nachrichten seitens SRDs: Schuldner bzw. Kreditinstitut („L’octroi du Rhin“) werden größerer Summe auszahlen (120.000 fl. und 10.000 Rente). Hompesch war 8 Tage zu Besuch, danach Odile ebenso. CdS hat einen Alptraum gehabt: Ihre Tochter war verletzt und mit Blut befleckt. Mögliche Trauminterpretationen. Sie hat auch geträumt, dass ihr Mann in Italien eine Stelle findet. Haushaltsangelegenheiten (Hausangestellte). Die kleine Hompesch hat sich physisch stark verändert; Verdacht auf eine Schwangerschaft. Umgestaltung der Arbeitsräume des SRD. Frau Maison ist zurück und lässt sich ein Schloss bauen. Sorgen um die Gesundheit der Minette, die sich mit ihren Kindern zu sehr überanstrengt, Ratschläge, auch an ihren Schwiegersohn. Sie soll keine Kinder mehr haben, zumindest nicht, bevor sie sich vollständig erholt hat. Finanzielle Angelegenheiten. Vorschläge an Minette für die Regelung von Mietangelegenheiten. Ungnade des Generals Maison, er ist nicht mehr Gouverneur von Paris. Hündin Noirette ist weitergegeben worden, Masco soll folgen, was CdS viele Tränen kostet, denn der Hund ist besonders hübsch und nett.
6289		Brief	2022-10-26 07:01:57		0000-04-01	Salm, Constance de	Francq, Agathe Clémence, baronne de	Beratung der CdS mit Renard, um über den geschicktesten Weg nachzudenken, wie man die vermutlich schwangere Mademoiselle Hompesch vom Haus entfernt, ohne dafür Wimers offiziell zu verdächtigen. CdS‘ Wunsch ist es, dass Mademoiselle H. von alleine geht, unter einem Vorwand. Renard ist inzwischen zurück, die H. will nach Amsterdam zu einer Verwandten. Wimers wird offiziell „verreisen“, auch wenn er die Sache leugnet. Geschichten über ihre Hunde. Geschichte über einen betrunkenen Pater, ein Pfarrer gibt die Messe, er kann gut Französisch und hat gute Manieren. Umorganisation des Haushalts. Tod der Frau des Martin Trapp [Hausangestellter], die 4 Kinder hinterlässt. CdS‘ Unruhe und Unzufriedenheit auf Dyck, als Lichtblick erscheint ihr die Idee eines kleinen Romans. Brief des Raboteau, dessen Tochter heiratet. Er beschwert sich, dass sie ihm nicht schreibt; sie ist aber mit so vielen Briefen täglich beschäftigt (Minette, SRD, ihr Bruder Alexandre de Théis), sie schafft das einfach nicht. Im März hat sie 40 Briefe geschrieben. Schöne Renovierungen im Arbeitszimmer des SRD, nicht zuletzt dank Evelts Malarbeiten. Freude über die gute Gesundheit des Constant.
6290		Brief	2022-10-26 07:05:13		0000-00-25	Salm, Constance de	Francq, Agathe Clémence, baronne de	Nachrichten über die Sorgen des Alexander de Théis. Daher soll Minette ihm nicht zu viele Sorgen mit ihren eigenen Angelegenheiten [wahrscheinlich finanzielle] machen, um die er sich zusätzlich kümmert. Théis hasst, sowie CdS, Geldgeschäfte. Louise Kopp will nicht heiraten, das Leben einer Frau und Mutter macht ihr große Angst. Besuch des Prous mit einem Franzosen, der CdS sehr gefällt. Besuch der Hompesch. Ärger über Madame de Hompesch, die CdS in Aachen besuchen wollte, aber die distanziert reagiert; CdS ist pikiert. Längere Beschreibung der Umbau- und Renovierungsarbeiten (Billard, Heizofen usw.).
6291		Brief	2022-10-26 07:01:57		1816-06-29	Salm, Constance de	Francq, Agathe Clémence, baronne de	Graf Hompesch ist seit 4 Tagen zu Besuch zusammen mit einem jungen Holländer. Aufgabe der geplanten Reisen nach Düsseldorf und Köln wegen des Wetters; auch kann CdS schlecht arbeiten, ihr Gemüt ist durch das Wetter beeinflusst. Tod der Köchin, wie im letzten Brief angekündigt [anscheinend nach einem Schlaganfall]. Beschreibung der Trauerfeierlichkeiten und der damit verbundenen Traditionen (Vorbereitung der Toten, etc.). CdS ging während der Beerdigung nach Liedberg. Hinterlassenschaft der Toten, sie war sehr geizig. Der Arzt hat sich in der ganzen Sache sehr „schlecht benommen“ (= schlechte Pflege bzw. falsche Diagnose), er kam nicht, so dass man einen Arzt aus Neuss kommen ließ, aber es war schon zu spät. Beschreibung von Reise- und Transportorganisation des Grafen Hompesch, wegen der großen Eile wird ein Pferd krank, Beschreibung des Zwischenfalls. Besuch der Ortsrichters, der zwei jungen Locquenghien und Louises; die Mädchen wollen den „Major“ sehen, der aber nach Thionville versetzt wird. CdS ist erleichtert, diese Veränderung löst die problematischen Romanzen. Beschreibung der Situation und Annäherungsversuche. Die junge Frau von Locquenghien ist mit ihren Kindern zu Besuch geblieben; sie ist sehr angenehm und die Kinder sind hübsch. Das Einzige, was sie stört (und im Allgemeinen bei Kindern), ist der Lärm. SRD kommt in einer Woche zurück. Er ist einen Tag länger geblieben, um die Catalani zu hören, die er abgöttisch bewundert. Er ist im Allgemeinen äußerst zufrieden über seine Reise und hat sehr wertvolle Kontakte geknüpft.
6292		Brief	2022-10-27 12:29:51		1816-00-23	Salm, Constance de	Francq, Agathe Clémence, baronne de	SRD ist am vergangenen Dienstag unerwartet angekommen. Freude der CdS, Ärger darüber, dass sie ihm keinen passenden Empfang bereiten konnte. Er musste aber nach Köln und fuhr schon am Freitag los. So konnte sie bei seiner Rückkehr am Sonntag einen Empfang organisieren. Zu Besuch waren: Fam. Breidenbach, der Landrat, der Ortsrichter, Fam. Kopp; dazu die Pächter bzw. Bauern, die Wache, Musiker, Hausangestellten und andere, insgesamt 180 Personen. Satz in Kurrentschrift (Dank der CdS an die Pächter); ihr Dank in deutscher Sprache hat große Wirkung gemacht. Beschreibung der Feier. Man schrie „es lebe Constancia“. Kleiner Ärger über zwei kleine Zwischenfälle bzw. Fehlverhalten. Bitte um Weiterleiten des Briefs und einer Notiz an Théis. SRD findet die Idee des Siegels gut, man muss aber nicht die Krone eingravieren.
6293		Brief	2022-10-27 13:05:23		1816-01-21	Salm, Constance de	Francq, Agathe Clémence, baronne de	Briefe der Minette kommen pünktlich an, gestern kam einer, auch von Drais und Frau von Wittgenstein. Sie hat sich zwei Kleider von einem Düsseldorfer Schneider anfertigen lassen, die kamen auch mit der Post, sowie 18 Ausgaben der „Gazette de Liège“, die verspätet waren. Danke an Constant für die Geschenke. Geplante Reise im April. Sie hofft, dass ihr Haus vorher verkauft oder vermietet sein wird. Wohneinzelheiten. CdS schreibt Madame Mentelle einen Kondolenzbrief [er starb am 29. Dezember 1815]. Die Kapelle war für die Messe voll. Kommentare über die Haarfarbe (braun) des Alexandre. Diverse Nachrichten über die Nachbarn.
6294		Brief	2022-10-26 07:01:57			Salm, Constance de	Francq, Agathe Clémence, baronne de	Hausvermietungsangelegenheiten. Wohnungsmöglichkeiten für Minette. Wohnung des Langlès [? nicht klar]. Tinnitus der CdS.
6295		Brief	2022-10-27 10:00:13		1816-00-00	Salm, Constance de	Francq, Agathe Clémence, baronne de	Diktierter Teil (Hand des Sartorius): Zum Geburtstag des Königs [von Preußen] werden SRD und CdS einen Ball und ein Abendessen geben. Dieses wird am kommenden 3. August stattfinden. CdS ist gut beschäftigt. General Maison wohnt in der Nähe, Nachrichten über dessen Ungnade in den Zeitungen. CdS bittet um Nachrichten von Minette über die wahre Lage dieses Falls. CdS bittet Minette und ihren Mann, möglichst bald nach Paris zu reisen, um die notwendigen administrativen Vorgänge wegen der Ehrenlegion zu erledigen (eine gewissen Frist – unklar im Text – läuft ab). SRD hat einen kleinen Hund aus Berlin zurückgebracht. Hündin Masquette wurde „verheiratet“. Vertagte Hoffnungen des Théis zur Erlangung der Ehrenlegion. Fortsetzung durch CdS: Finanzgeschäfte um das Haus der CdS. Wohnangelegenheiten. Bitte um Unterstützung ihrer Pläne durch Minette. Liebeskummer der Louise Kopp. Neuer Domestik nach Entlassung des „kleinen Wilhelm“.
6296		Brief	2022-10-27 12:40:43		1816-08-06	Salm, Constance de	Francq, Agathe Clémence, baronne de	Besuch (junge Frau von Locquenghien mit Kindern) hindert CdS daran, ihrer Tochter zu schreiben. CdS war mit der Organisation der Feier [Geburtsfeier des Königs] sehr beschäftigt, Wimers ist guten Willens, aber kennt sich nicht sehr gut aus. Beschreibung. CdS ist pikiert, dass Odile nicht gekommen ist. Schlechtes Betragen von Odile, worüber jeder Bescheid weiß. Sie flirtet mit preußischen Offizieren. Nachrichten über die Gesundheit des Louis de Francq hatten CdS beunruhigt, aber anscheinend geht es ihm wieder besser. Minette soll sich schonen. Gesundheitsbeschwerden der CdS.
6297		Brief	2022-10-27 13:05:23		0000-00-13	Salm, Constance de	Francq, Agathe Clémence, baronne de	Schreckliches Wetter, starke Regenfälle, Heuschrecken sind angekündigt, Sorgen der Bauern. Seit 6 Wochen regnet es ununterbrochen, der Sommer ist für die Ernte ruiniert. Überschwemmungen (Rhein, Ruhr, Erff). Wolkenbruch in Düren. Dazu die Zerstörungen wegen des Krieges, alles zusammen bringt viel Elend. CdS erhält nur Zeitungen aus Lüttich („L‘Oracle“ und „La Gazette“). SRD ist noch nicht zurück: er hat CdS aus Karlsruhe geschrieben, dass er den König von Bayern in Baden-Baden aufsuchen will. CdS tröstet sich mit Musik, sie singt. Sie hat das erste Lied wiedergefunden, das sie mit Martini gesungen hat, die Erinnerungen kamen alle so mächtig hoch, dass sie 2 Tage lang sehr betrübt war, als sie über die verflossene Zeit reflektierte. Sie lernt wieder Deutsch mit dem Werk Dom Silvio de Rosalba. Sie macht Fortschritte. Heimweh nach Paris, ihrer Sprache, Einsamkeit der CdS. Besuch der Nachbarn. Kleine Eifersüchteleien, Klatsch. CdS ist sichtlich unzufrieden. Empfehlungen für ihr Haus in Paris an Minette und Drais. Gagenerhöhungen. Beschreibung des neuen Majors, Baron von Z… (unleserlich), der ein wenig wie Saint-Mars aussieht. Über ihn erfährt sie die galanten Abenteuer eines gewissen „Hébert“, der nachts junge (kleine) Mädchen zu sich kommen lässt. Er hat auch eine Geschichte über Madame Villemain erzählt. CdS mag den Major wegen seiner Eleganz, seinen Manieren und wahrscheinlich auch wegen seiner pikanten Anekdoten über den Pariser Gesellschaftsklatsch. Finanzielle Angelegenheiten des SRD. Madame Leroy [de Bacre?] hat CdS angeschrieben, um ihre „Hofdame“ zu werden.
6298		Brief	2022-10-26 07:01:57			Salm, Constance de	Francq, Agathe Clémence, baronne de	Kommentare über den Charakter einer Person (Prous?)
6299		Brief	2022-10-27 12:43:23		0000-00-08	Salm, Constance de	Francq, Agathe Clémence, baronne de	Ungeduldiges Warten auf die Ankunft des SRD nach langer Abwesenheit, Planung eines Empfangs. Nur: Ihre Briefe kommen immer nur an, wenn er gerade von einer Stadt abgereist ist (Berlin, Neuwied, Bonn, Köln, Dormagen), sie kann ihn also nicht erreichen, um diesen Empfang zu organisieren. Hompesch ist in Rurich und wollte zur Feier kommen, ist aber seit zwei Tagen sehr krank. Starke Regenfälle. Louise wäre beinahe in Hubbelrath stecken geblieben. Herzensangelegenheiten der Louise. Dank für den langen Brief der Minette über ihre Feier und die Rivalitäten, die sie erlebt. Liebesgeschichten auf dem Land. Prous hat Depressionsanfälle, er hat 4 Monate lang ganz alleine gelebt. Versorgung des Militärs. Besuch eines jungen Holländers, man zeigt ihm den botanischen Garten und die Gewächshäuser. Er kann auch Gitarre spielen. Seine Biographie; er war französischer Soldat, dann preußischer.
6502		Brief	2022-10-27 12:28:34		1819-01-07	Salm, Constance de	Raboteau, Pierre Paul 	Wunsch der CdS, keine Komplimente, sondern Auszügen aus den Werken ihrer Freunde in ihrem Album zu versammeln. Ausnahme etwa für Mentelle. Wunsch, R. möge eine Fabel, ein Märchen oder einen Auszug aus seinem Lieblingswerk hineinschreiben. Beschränkung des Raumes für R. aufgrund der chronologischen Ordnung des Albums.
7795		Brief	2022-10-25 14:02:52		1819-06-30	Salm, Constance de	Prous, Henry	Traurigkeit der CdS wegen Abreise des P. und dadurch verstärktes Gefühl der Entfernung von Paris. Beinleiden der CdS. Baldige Zusendung eines Heftes für Eintragung des P. in das Album der CdS.
8712		Brief	2022-10-27 12:45:06	C02/S09/291-293	1808-06-08	Salm, Constance de	Gudin de La Brenellerie, Paul-Philippe	Reflexionen über die Freundschaft, die Treue eines Mentelle, die „Untreue” eines Langlès, die übertriebene Bescheidenheit eines Bréguet. Dank für Nachrichten über Mlle George. CdS berichtet über ihren Mangel an Kenntnissen, was Wissenschaften betrifft, insbes. Astronomie (wegen Berichten über Delambre), und die Leidenschaft des SRD für die Botanik (sie selbst liebt Pflanzen sehr, aber sie braucht etwas, das auf ihre Leidenschaft eine wärmere Antwort gibt ...). Reflexionen über die Wichtigkeit der Zensur nach den Berichten, die sie über das Werk eines Bonnet gelesen hat. Literarische Tätigkeit der CdS. Der Brief enthält Verse.
8750		Brief	2022-10-25 14:02:52			Salm, Constance de	Francq, Félix, baron de	Glückwunschschreiben von CdS anlässlich der Geburt von Félix' Kind [Emmanuel de Francq?].
8751		Brief	2022-10-19 09:00:30			Salm, Constance de	Francq, Félix, baron de	CdS bittet Félix, so schnell wie möglich bei ihr vorbeizukommen, weil sie dringend seinen Rat braucht.
8809		Brief	2022-10-19 09:00:30			Salm, Constance de	Francq, Constant de	CdS fährt in zwanzig Minuten ab. Sie hinterlässt Constant ein paar Anweisungen und schickt ihm etwas zu.
8812		Brief	2022-10-25 14:10:40		1834-01-26	Salm, Constance de	Francq, Constant de	CdS ist kurz vor ihrer Abreise nach Paris. Sie gibt Constant Anweisungen für die Pariser Wohnung, Besteck sollte schon vorhanden sein, genug Holz und Kohle zum Heizen und Kochen, die Betten sollten schon gemacht werden. Zwei Kühe reisen auch mit.
8814		Brief	2022-10-26 08:38:40		1834-01-24	Salm, Constance de	Francq, Constant de	Constant soll seinem Onkel mitteilen, dass CdS sich ab dem 4. Februar in Paris aufhält. Streit zwischen ihrem Hauspersonal, die Franzosen wären doch anders, meint sie. Constant ist in Paris und wird von CdS‘ Bekannten und Freunde eingeladen. Sie haben ihre Abreise verschoben, weil SRD warten wollte, bis die Regierung „Kreuze“ verteilt.
8816		Brief	2022-10-25 14:09:56		1834-01-29	Salm, Constance de	Francq, Constant de	Constant hat einen Brief von einem Herrn Faucheux erhalten. Es geht um eine Familie, mit der die de Francq-Enkel schon einen Prozess geführt haben [Erben von Pipelet?]. CdS hat diesen Brief an Monsieur Pailliet, einen Richter in Orléans, weitergeleitet. CdS vor ihrer Abreise nach Paris.
8903		Brief	2022-10-27 12:40:43		1815-00-16	Salm, Constance de	Francq, Agathe Clémence, baronne de	CdS schreibt an Minette zu Hause [Denisy], da nicht in Paris. Sie wünscht ihrem Schwiegersohn einen guten Aufenthalt in Bourges („le plus bel endroit de la France, dit-on, pour le climat agréable“).Kommentare über die Haushaltsprobleme (Dienerschaft) der Minette. Kommentare über Wäsche und gekochtes Obst („pruneaux cuits“). Militär, mit dem „bon colonel“, auf Dyck, das Regiment wird in 8 Tagen nach Juliers ziehen, um dort Übungen zu machen. Weitere Einzelheiten über das Lager, jeder ist ungeduldig, dieses alles zu betrachten, doch CdS ist des Kriegs und ähnlicher Übungen überdrüssig („la guerre par dessus les yeux“). Es gibt auch lästige Probleme zwischen Soldaten und Bevölkerung. Anekdote über die Liebschaft zwischen einer Frau und einem „capitaine“ wird zum Skandal. Menschen sind unzufrieden: man wartet ungeduldig auf die Beschlüsse aus dem [Wiener] Kongress. In Köln vor allem ist die Situation unsicher, die provisorische Regierung wird nicht lange stark genug sein, um die Situation im Griff zu haben. Am Schluss Beschreibung der eigenen Probleme mit der eigenen Dienerschaft (Antoinette)
8904		Brief	2022-10-26 07:07:07		1815-07-22	Salm, Constance de	Francq, Agathe Clémence, baronne de	Ausgabe der französischsprachigen Zeitung „Le nouvelliste d’Aix-la-Chapelle“ vom 1. Juli 1820. Auf einem separaten, ausgeschnittenen Blatt [CdS/38/018-019] ein Bericht über den Mord an Minette, verfasst von Sartorius und Dyck mit der Absicht, den kursierenden Gerüchten den tatsächlichen Hergang der Ereignisse entgegenzusetzen. Artikel ohne Nennung von Namen. Deutsche Version dieses Artikels siehe CdS/38/003-006.
8905		Brief	2022-10-26 07:05:13		1815-05-16	Salm, Constance de	Francq, Agathe Clémence, baronne de	CdS erhält keine Briefe von Minette. Sie weiß aber, dass die Post unterbrochen ist. In Dyck ist das Leben ruhig und einsam, außer was die Nachrichten in den Zeitungen betrifft. CdS‘ Gesundheit ist gut, außer Migränen: aber sie glaubt, dass es „weil sie zuviel Deutsch lernt“. Besuch und Aufenthalt der Gräfin von Hompesch. Im Sommer kommt eine „Mademoiselle Girard“. Keine Nachrichten von Freunden, sie bittet Drais, diesen Brief an Minette weiterzuleiten. Ratschläge für Minettes Angelegenheiten, sie soll sich an Drais wenden. Sie hofft, dass Minettes Kleinkind gesund ist. Nachfrage nach ihrem Bruder. Auflistung der Briefe, die sie erhalten hat. Sandoz [?] soll 2.000 Francs erhalten für verschiedene Abrechnungen (in Verbindung mit der Wohnung von CdS in Paris). CdS hat ihrem Bruder Alexandre eine Vollmacht gegeben, um das Stadthaus zu verkaufen [=wahrscheinlich aus dem elterlichen Erbe], es sollen mindestens 300.000 Francs aus dem Verkauf kommen, vielleicht mit einem Teil der Möbel. Die junge Frau von Locquenghien ist schwanger. CdS wünscht ihrer Tochter eine gute Schwangerschaft.
8910		Brief	2022-10-26 07:01:57		1815-02-00	Salm, Constance de	Francq, Agathe Clémence, baronne de	CdS hat am vorigen Tag den Brief vom Mittwoch erhalten, der sie beruhigt hat, nach dem beunruhigenden Brief von Sonntag (Gesundheitsprobleme der Minette): Ratschläge der CdS. Vorteile des Landlebens, Krankheiten in der Stadt, feutchter Winter. Informationen über den Gesundheitszustand von Bekannten im Rheinland (Trapp, Landen), Titnnitus und Migränen der CdS. Schlaflose Nacht, Masquette hat 5 Welpen geworfen. Dispositionen für die Neubelegung des Pariser Hauses. Diskussion über Möbel der Minette, Umzug etc. CdS sehnt sich nach Ruhe, Betrachtungen über das Alter.
9303		Brief	2022-10-25 14:08:48		1818-04-09	Salm, Constance de	Prous, Henry	Dank für verschiedene Geschenke des P. Schlechter Gesundheitszustand aller Bewohner Dycks als Grund für die Unterbrechung des Briefs. Angst, an einem im Krankenhaus von Epsendorf grassierenden Fieber erkrankt zu sein. Hohe Anzahl an erkrankten Personen. Nachfrage der CdS: sie hat gehört, dass Louise einen Offizier namens von Waldeck heiraten soll. Selbstmord eines Mannes in Bedburg. Interessante Beiträge in den Lütticher Zeitungen. Wunsch der CdS, dass der neue Kongress in Aachen und nicht in Düsseldorf stattfindet, da sie dort eine Unterkunft hat. Die Familie Prous war lange nicht in Dyck. Persönliche Treffen sind Geschenken vorzuziehen.
9405		Brief	2022-10-19 09:00:30		0000-04-08	Salm, Constance de	Prous, Henry	Krankheit der Louise [Prous oder Kopp?]. CdS hat keine Orangen, stattdessen schickt sie ihr Quittenmarmelade. Traurigkeit darüber, Prous nicht zu sehen. Die Politik macht die Lage noch trauriger.
9814		Brief	2022-10-27 12:29:51			Salm, Constance de	Hompesch, Thérèse-Angélique, Gräfin von	Der Brief der Empfängerin [Thérèse-Angélique von Hompesch] kam an, als CdS gerade Dyck in Richtung Aachen verließ. Haushalts- und Einrichtungsangelegenheiten im Aachener Haus. Bedauern, dass sie sich nicht treffen konnten, Frage ob sie bei ihrem Sohn Théophile war. Einsamkeit des Landlebens im Winter, dieser Zustand steht im Gegensatz zu ihrem Bedürfnis nach gesellschaftlichen und intellektuellen Kontakten. Aufgabe des Projekts, nach Paris zu reisen, wegen des drohenden Kriegs und der Cholera. SRD wird im März nach Dyck zurückfahren müssen, um seine Pflanzen zu überwachen, sowie nach Düsseldorf, wegen seiner Ämter. Glücklich verlaufener Sommer, Besuch der Frau Generalin Maison und ihrer beiden Söhne. Beschäftigung mit einem neuen Werk, das aus Erinnerungen in Versform besteht („Mes Soixante ans“). Vermittlung eines Dienstmädchens an die Tochter von Frau von Hompesch durch Frau Dahmen; dieses Mädchen hatte bei CdS gedient und Abschriften in französischer Sprache erstellt. Mangel an Nachrichten von ihrem Bruder Alexandre, der sehr beschäftigt ist und anscheinend eine große Karriere vor sich hat. Dessen Sohn Charles arbeitet für das Außenministerium. Ultraroyalistische Reden des Adolphe de Théis, Unmut der CdS darüber, u.a. weil es der Karriere von Alexandre schaden könnte. Politische Erfolge des Grafen von Aarschot. Ausbildung und Fortschritte ihrer drei Enkelkinder Constant, Alexandre und Félix. Studium des Alfred von Salm-Reifferscheidt-Dyck in Bonn. Diktieren des Briefes wegen Schmerzen in der Hand. Einladung an [Frau von Hompesch] nach Aachen, wo sie einen guten Kreis pflegt.
9815		Brief	2022-10-27 13:06:54		1808-09-14	Salm, Constance de	Gudin de La Brenellerie, Paul-Philippe	Aufenthalt in Alfter, in einem Schlösschen mit Blick über den Rhein. Bonn ist nicht weit entfernt, das Bergische Land kann man aus diesem Schloss sehen. Schönheit des Ausblicks. Verse über ihre Reise über den Rhein. Besuch des Schlosses von Brühl, das sie bewundert und beschreibt. Leider steht das Schloss leer, es wirkt daher traurig. Es wird zurzeit von der Verwaltung der Ehrenlegion besetzt. Bewunderung für die „Sieben Berge“, Verse, Burgen- und Rittergeschichten, Beschreibung. Angenehmes gesellschaftliches Leben und gepflegte Umgangsformen aufgrund der Nähe der Höfe von Köln und Bonn. Treffen mit Herrn und Frau Reinhard, positive Erinnerung und Beschreibung, ihr Empfang auf dem Land ähnelte in dieser Gesellschaft ihrem Salon in Paris. So ist Landleben erträglich. Fortsetzung am 17. September aus Schloss Dyck: Freude an ihrem Arbeitszimmer und ihren Briefen. Dank für seine Verse als Antwort auf ihre Verse über Ritter aus vergangenen Tagen. Eine lange Seite mit Versen über Freundschaft und Landleben. Probleme mit der Überbringung seiner Briefe, die verloren gingen. Vorhaben, spätestens am 15. Oktober in Paris zu sein. Arbeit an einer „Eloge“ [=Lalande?], die sie allerdings in Alfter zunächst in italienischer Sprache verfasst hat.
3891		Brief	2025-10-15 09:09:28	C02/S09/397-398	1810-07-27	Salm, Constance de	Raboteau, Pierre Paul 	Glückliche Ankunft der CdS nach einer beschwerlichen Reise wegen Krankheit (Aderlass). CdS‘ Freude an Dyck trotz Regen, Ruhe im großen Zimmer, viele Erinnerungen und viel Zeit zum Schreiben und Studieren. Bitte um literarische Neuigkeiten, Versendung entweder zur Wohnung CdS‘ in Paris (rue du Bac) oder über Monsieur Pugnet oder Monsieur Amalric (Légion d’honneur).
